event,event_date,venue,discipline,round,athlete,fis_code,rank,run_score,time_points,turns_total,air_total,jump_1_jump_number,jump_1_type,jump_1_degree_diff,jump_1_judge_6_score,jump_1_judge_7_score,jump_2_jump_number,jump_2_type,jump_2_degree_diff,jump_2_judge_6_score,jump_2_judge_7_score
FIS FREESTYLE SKI WORLD CUP 2023,2022-12-03,RUKA (FIN),Men's Moguls,Results Final 2,KINGSBURY Mikael,2484937,1,84.5,15.96,52.2,16.34,1,bF,0.88,8.4,8.6,2,10op,1.05,8.4,8.5
FIS FREESTYLE SKI WORLD CUP 2023,2022-12-03,RUKA (FIN),Men's Moguls,Results Final 2,HORISHIMA Ikuma,2529645,2,80.48,14.52,49.8,16.16,1,bF,0.88,8.5,8.2,2,10op,1.05,8.4,8.4
FIS FREESTYLE SKI WORLD CUP 2023,2022-12-03,RUKA (FIN),Men's Moguls,Results Final 2,GRAHAM Matt,2441426,3,80.12,15.76,49.2,15.16,1,bdF,1.05,6.1,6.2,2,10op,1.05,8.3,8.3
FIS FREESTYLE SKI WORLD CUP 2023,2022-12-03,RUKA (FIN),Women's Moguls,Results Final 2,ANTHONY Jakara,2530720,1,81.69,17.64,48.2,15.85,1,7oG,1.11,8.2,8.2,2,bG,0.92,7.3,7.4
FIS FREESTYLE SKI WORLD CUP 2023,2022-12-03,RUKA (FIN),Women's Moguls,Results Final 2,LAFFONT Perrine,2531156,2,78.33,17.54,47.2,13.59,1,bG,0.92,6.9,7.0,2,7op,0.98,7.3,7.4
FIS FREESTYLE SKI WORLD CUP 2023,2022-12-03,RUKA (FIN),Women's Moguls,Results Final 2,KAWAMURA Anri,2534852,3,78.33,17.95,46.1,14.28,1,bp,0.81,7.8,8.0,2,7op,0.98,7.9,8.2
FIS FREESTYLE SKI WORLD CUP 2023,2022-12-10,IDRE FJÄLL (SWE),Men's Moguls,Results Final 2,PAGE Nick,2533462,1,81.02,17.96,46.8,16.26,1,7oG,1.01,8.2,7.8,2,10op,1.05,8.0,7.6
FIS FREESTYLE SKI WORLD CUP 2023,2022-12-10,IDRE FJÄLL (SWE),Men's Moguls,Results Final 2,KINGSBURY Mikael,2484937,2,79.86,18.13,47.3,14.43,1,10op,1.05,7.6,7.5,2,7op,0.88,7.5,7.3
FIS FREESTYLE SKI WORLD CUP 2023,2022-12-10,IDRE FJÄLL (SWE),Men's Moguls,Results Final 2,WALLBERG Walter,2532001,3,78.98,18.5,44.7,15.78,1,bF,0.88,8.4,8.5,2,10op,1.05,8.1,7.8
FIS FREESTYLE SKI WORLD CUP 2023,2022-12-10,IDRE FJÄLL (SWE),Women's Moguls,Results Final 2,ANTHONY Jakara,2530720,1,81.75,17.78,48.3,15.67,1,7oG,1.11,7.3,7.1,2,bG,0.92,8.5,8.2
FIS FREESTYLE SKI WORLD CUP 2023,2022-12-10,IDRE FJÄLL (SWE),Women's Moguls,Results Final 2,KAWAMURA Anri,2534852,2,80.02,19.17,46.8,14.05,1,7op,0.98,7.2,7.5,2,bG,0.92,7.7,7.2
FIS FREESTYLE SKI WORLD CUP 2023,2022-12-10,IDRE FJÄLL (SWE),Women's Moguls,Results Final 2,LAFFONT Perrine,2531156,3,76.08,19.41,43.7,12.97,1,7op,0.98,7.2,7.8,2,bp,0.81,7.1,6.8
FIS FREESTYLE SKI WORLD CUP 2023,2022-12-16,ALPE D'HUEZ (FRA),Men's Moguls,Results Final 2,HORISHIMA Ikuma,2529645,1,82.66,16.4,48.7,17.56,1,7oG,1.01,8.6,8.0,2,10op,1.05,8.7,8.8
FIS FREESTYLE SKI WORLD CUP 2023,2022-12-16,ALPE D'HUEZ (FRA),Men's Moguls,Results Final 2,KINGSBURY Mikael,2484937,2,80.85,15.29,48.3,17.26,1,bdF,1.05,7.7,8.1,2,10op,1.05,8.4,8.7
FIS FREESTYLE SKI WORLD CUP 2023,2022-12-16,ALPE D'HUEZ (FRA),Men's Moguls,Results Final 2,McDONALD Cole,2534511,3,75.17,16.78,42.6,15.79,1,bdF,1.05,6.5,6.8,2,10op,1.05,8.5,8.3
FIS FREESTYLE SKI WORLD CUP 2023,2022-12-16,ALPE D'HUEZ (FRA),Women's Moguls,Results Final 2,ANTHONY Jakara,2530720,1,79.7,16.24,47.5,15.96,1,7oG,1.11,7.5,7.1,2,bG,0.92,8.4,8.7
FIS FREESTYLE SKI WORLD CUP 2023,2022-12-16,ALPE D'HUEZ (FRA),Women's Moguls,Results Final 2,LAFFONT Perrine,2531156,2,75.81,16.6,45.3,13.91,1,bp,0.81,7.5,6.8,2,7op,0.98,8.4,8.2
FIS FREESTYLE SKI WORLD CUP 2023,2022-12-16,ALPE D'HUEZ (FRA),Women's Moguls,Results Final 2,LEMLEY Elizabeth,2537762,3,74.75,19.23,42.3,13.22,1,7oG,1.11,6.2,5.9,2,7op,0.98,7.1,6.2
FIS FREESTYLE SKI WORLD CUP 2023,2023-01-27,VAL ST. COME (CAN),Men's Moguls,Results Final 2,KINGSBURY Mikael,2484937,1,85.37,17.04,50.6,17.73,1,bdF,1.05,8.5,8.7,2,10op,1.05,8.3,8.3
FIS FREESTYLE SKI WORLD CUP 2023,2023-01-27,VAL ST. COME (CAN),Men's Moguls,Results Final 2,WALLBERG Walter,2532001,2,81.69,18.48,48.1,15.11,1,bF,0.88,8.1,8.0,2,10op,1.05,7.7,7.6
FIS FREESTYLE SKI WORLD CUP 2023,2023-01-27,VAL ST. COME (CAN),Men's Moguls,Results Final 2,HORISHIMA Ikuma,2529645,3,81.36,18.23,46.6,16.53,1,7oG,1.01,9.2,8.8,2,10op,1.05,6.7,7.5
FIS FREESTYLE SKI WORLD CUP 2023,2023-01-27,VAL ST. COME (CAN),Women's Moguls,Results Final 2,KAWAMURA Anri,2534852,1,82.25,20.0,47.2,15.05,1,bp,0.81,8.0,8.0,2,7op,0.98,8.7,8.8
FIS FREESTYLE SKI WORLD CUP 2023,2023-01-27,VAL ST. COME (CAN),Women's Moguls,Results Final 2,ANTHONY Jakara,2530720,2,81.88,18.25,46.7,16.93,1,7oG,1.11,8.1,8.0,2,bG,0.92,8.6,8.8
FIS FREESTYLE SKI WORLD CUP 2023,2023-01-27,VAL ST. COME (CAN),Women's Moguls,Results Final 2,KAUF Jaelin,2529064,3,78.34,20.0,44.7,13.64,1,bG,0.92,8.0,8.2,2,bp,0.81,7.8,7.5
FIS FREESTYLE SKI WORLD CUP 2023,2023-02-02,DEER VALLEY (USA),Men's Moguls,Results Final 2,GRAHAM Matt,2441426,1,85.35,18.48,51.8,15.07,1,10op,1.05,7.7,7.6,2,7op,0.88,8.0,8.0
FIS FREESTYLE SKI WORLD CUP 2023,2023-02-02,DEER VALLEY (USA),Men's Moguls,Results Final 2,KINGSBURY Mikael,2484937,2,83.65,16.95,50.1,16.6,1,10op,1.05,9.0,7.8,2,7op,0.88,8.9,8.8
FIS FREESTYLE SKI WORLD CUP 2023,2023-02-02,DEER VALLEY (USA),Men's Moguls,Results Final 2,CAVET Benjamin,2530514,3,81.82,17.25,48.6,15.97,1,bF,0.88,8.1,8.3,2,10op,1.05,8.2,8.5
FIS FREESTYLE SKI WORLD CUP 2023,2023-02-02,DEER VALLEY (USA),Women's Moguls,Results Final 2,ANTHONY Jakara,2530720,1,80.15,18.12,46.4,15.63,1,7oG,1.11,7.6,7.4,2,bG,0.92,8.0,7.9
FIS FREESTYLE SKI WORLD CUP 2023,2023-02-02,DEER VALLEY (USA),Women's Moguls,Results Final 2,KAUF Jaelin,2529064,2,77.35,19.96,43.7,13.69,1,bG,0.92,7.8,7.9,2,bp,0.81,8.0,8.0
FIS FREESTYLE SKI WORLD CUP 2023,2023-02-02,DEER VALLEY (USA),Women's Moguls,Results Final 2,LAFFONT Perrine,2531156,3,77.17,17.81,46.0,13.36,1,bp,0.81,7.8,7.8,2,7op,0.98,7.2,7.2
FIS FREESTYLE SKI WORLD CUP 2023,2023-03-17,ALMATY (KAZ),Men's Moguls,Results Final 2,KOLMAKOV Pavel,2528846,2,78.72,16.46,46.5,15.76,1,10op,1.05,7.7,8.1,2,7oG,1.01,7.0,7.8
FIS FREESTYLE SKI WORLD CUP 2023,2023-03-17,ALMATY (KAZ),Men's Moguls,Results Final 2,GRAHAM Matt,2441426,3,78.42,17.27,46.4,14.75,1,10op,1.05,7.3,7.4,2,7op,0.88,8.0,8.0
FIS FREESTYLE SKI WORLD CUP 2023,2023-03-17,ALMATY (KAZ),Women's Moguls,Results Final 2,LAFFONT Perrine,2531156,1,77.96,18.34,47.2,12.42,1,bp,0.81,7.9,7.8,2,7op,0.98,6.1,6.3
FIS FREESTYLE SKI WORLD CUP 2023,2023-03-17,ALMATY (KAZ),Women's Moguls,Results Final 2,KAUF Jaelin,2529064,2,76.3,18.94,43.9,13.46,1,bG,0.92,8.2,8.3,2,7op,0.98,6.0,6.0
FIS FREESTYLE SKI WORLD CUP 2023,2023-03-17,ALMATY (KAZ),Women's Moguls,Results Final 2,JOHNSON Tess,2532270,3,73.35,16.52,43.0,13.83,1,7op,0.98,6.3,5.8,2,bG,0.92,8.7,8.5
FIS FREESTYLE SKI WORLD CUP 2024,2023-12-02,RUKA (FIN),Men's Moguls,Results Final 2,HORISHIMA Ikuma,2529645,1,82.68,17.75,47.5,17.43,1,bdF,1.05,8.4,8.4,2,10op,1.05,8.2,8.2
FIS FREESTYLE SKI WORLD CUP 2024,2023-12-02,RUKA (FIN),Men's Moguls,Results Final 2,WALLBERG Walter,2532001,2,79.88,17.98,45.0,16.9,1,bdF,1.05,8.6,8.3,2,10op,1.05,7.6,7.7
FIS FREESTYLE SKI WORLD CUP 2024,2023-12-02,RUKA (FIN),Men's Moguls,Results Final 2,KINGSBURY Mikael,2484937,3,79.08,18.45,44.1,16.53,1,bdF,1.05,8.2,8.3,2,10op,1.05,7.5,7.5
FIS FREESTYLE SKI WORLD CUP 2024,2023-12-02,RUKA (FIN),Women's Moguls,Results Final 2,ANTHONY Jakara,2530720,1,84.18,19.65,46.7,17.83,1,7oG,1.11,8.4,8.5,2,bG,0.92,9.2,9.2
FIS FREESTYLE SKI WORLD CUP 2024,2023-12-02,RUKA (FIN),Women's Moguls,Results Final 2,LEMLEY Elizabeth,2537762,2,79.68,18.72,45.6,15.36,1,bp,0.81,8.3,8.6,2,7op,0.98,8.6,8.8
FIS FREESTYLE SKI WORLD CUP 2024,2023-12-02,RUKA (FIN),Women's Moguls,Results Final 2,GIACCIO Olivia,2532241,3,76.35,18.17,43.0,15.18,1,bF,0.98,7.5,7.2,2,7op,0.98,8.1,8.2
FIS FREESTYLE SKI WORLD CUP 2024,2023-12-08,IDRE FJÄLL (SWE),Men's Moguls,Results Final 2,KINGSBURY Mikael,2484937,1,85.02,16.18,51.3,17.54,1,10op,1.05,8.2,8.1,2,7oG,1.01,8.8,9.0
FIS FREESTYLE SKI WORLD CUP 2024,2023-12-08,IDRE FJÄLL (SWE),Men's Moguls,Results Final 2,PAGE Nick,2533462,2,79.55,18.72,46.8,14.03,1,10op,1.05,6.4,6.0,2,7oG,1.01,7.4,7.5
FIS FREESTYLE SKI WORLD CUP 2024,2023-12-08,IDRE FJÄLL (SWE),Men's Moguls,Results Final 2,GRAVENFORS Filip,2534858,3,79.53,17.41,46.7,15.42,1,10oG,1.2,7.2,7.4,2,10op,1.05,6.3,6.4
FIS FREESTYLE SKI WORLD CUP 2024,2023-12-08,IDRE FJÄLL (SWE),Women's Moguls,Results Final 2,ANTHONY Jakara,2530720,1,79.74,15.93,47.1,16.71,1,7oG,1.11,7.7,8.0,2,bG,0.92,9.1,8.3
FIS FREESTYLE SKI WORLD CUP 2024,2023-12-08,IDRE FJÄLL (SWE),Women's Moguls,Results Final 2,YANAGIMOTO Rino,2532040,2,72.42,16.08,43.9,12.44,1,bp,0.81,7.6,7.9,2,7op,0.98,6.2,6.4
FIS FREESTYLE SKI WORLD CUP 2024,2023-12-08,IDRE FJÄLL (SWE),Women's Moguls,Results Final 2,GIACCIO Olivia,2532241,3,72.16,16.09,42.6,13.47,1,bF,0.98,6.4,6.2,2,7op,0.98,7.5,7.4
FIS FREESTYLE SKI WORLD CUP 2024,2023-12-15,ALPE D'HUEZ (FRA),Men's Moguls,Results Final 2,KINGSBURY Mikael,2484937,1,86.55,16.85,52.9,16.8,1,10op,1.05,7.5,7.5,2,7oG,1.01,8.8,8.9
FIS FREESTYLE SKI WORLD CUP 2024,2023-12-15,ALPE D'HUEZ (FRA),Men's Moguls,Results Final 2,VAILLANCOURT Elliot,2532513,2,77.44,17.24,45.1,15.1,1,7oG,1.01,8.2,8.3,2,7op,0.88,7.7,7.7
FIS FREESTYLE SKI WORLD CUP 2024,2023-12-15,ALPE D'HUEZ (FRA),Men's Moguls,Results Final 2,HORISHIMA Ikuma,2529645,3,77.23,17.93,45.6,13.7,1,bdF,1.05,6.0,6.0,2,10op,1.05,7.0,7.1
FIS FREESTYLE SKI WORLD CUP 2024,2023-12-15,ALPE D'HUEZ (FRA),Women's Moguls,Results Final 2,ANTHONY Jakara,2530720,1,79.98,18.54,46.7,14.74,1,7oG,1.11,8.3,8.2,2,bp,0.81,7.1,6.7
FIS FREESTYLE SKI WORLD CUP 2024,2023-12-15,ALPE D'HUEZ (FRA),Women's Moguls,Results Final 2,KAUF Jaelin,2529064,2,75.64,19.56,44.7,11.38,1,bG,0.92,7.7,7.9,2,7op,0.98,4.2,4.4
FIS FREESTYLE SKI WORLD CUP 2024,2023-12-15,ALPE D'HUEZ (FRA),Women's Moguls,Results Final 2,GIACCIO Olivia,2532241,3,74.82,17.38,45.1,12.34,1,bF,0.98,7.0,7.0,2,7op,0.98,5.4,5.8
FIS FREESTYLE SKI WORLD CUP 2024,2023-12-22,BAKURIANI (GEO),Men's Moguls,Results Final 2,HORISHIMA Ikuma,2529645,1,77.11,15.08,47.5,14.53,1,bdF,1.05,6.3,6.5,2,10op,1.05,7.4,7.5
FIS FREESTYLE SKI WORLD CUP 2024,2023-12-22,BAKURIANI (GEO),Men's Moguls,Results Final 2,GRAVENFORS Filip,2534858,2,75.85,15.11,46.7,14.04,1,bF,0.88,8.5,8.5,2,10op,1.05,6.2,6.3
FIS FREESTYLE SKI WORLD CUP 2024,2023-12-22,BAKURIANI (GEO),Men's Moguls,Results Final 2,KINGSBURY Mikael,2484937,3,75.21,15.13,46.3,13.78,1,bF,0.88,8.5,8.5,2,10op,1.05,6.0,6.0
FIS FREESTYLE SKI WORLD CUP 2024,2023-12-22,BAKURIANI (GEO),Women's Moguls,Results Final 2,ANTHONY Jakara,2530720,1,79.08,16.53,46.5,16.05,1,7oG,1.11,8.0,8.1,2,bp,0.81,8.9,8.7
FIS FREESTYLE SKI WORLD CUP 2024,2023-12-22,BAKURIANI (GEO),Women's Moguls,Results Final 2,YANAGIMOTO Rino,2532040,2,77.1,15.64,44.5,16.96,1,7oG,1.11,8.5,8.4,2,7op,0.98,7.7,7.8
FIS FREESTYLE SKI WORLD CUP 2024,2023-12-22,BAKURIANI (GEO),Women's Moguls,Results Final 2,SOAR Hannah,2531373,3,71.18,14.96,43.3,12.92,1,bp,0.81,7.4,7.6,2,bG,0.92,7.5,7.4
FIS FREESTYLE SKI WORLD CUP 2024,2024-01-19,VAL ST. COME (CAN),Men's Moguls,Results Final 2,WALLBERG Walter,2532001,1,84.92,18.23,51.4,15.29,1,bF,0.88,8.2,8.2,2,10op,1.05,7.7,7.7
FIS FREESTYLE SKI WORLD CUP 2024,2024-01-19,VAL ST. COME (CAN),Men's Moguls,Results Final 2,VAILLANCOURT Elliot,2532513,2,82.37,17.7,49.1,15.57,1,10op,1.05,8.2,8.1,2,7oG,1.01,7.0,6.9
FIS FREESTYLE SKI WORLD CUP 2024,2024-01-19,VAL ST. COME (CAN),Men's Moguls,Results Final 2,GRAVENFORS Filip,2534858,3,77.7,18.06,47.1,12.54,1,10op,1.05,8.4,8.2,2,7oG,1.01,3.8,3.8
FIS FREESTYLE SKI WORLD CUP 2024,2024-01-19,VAL ST. COME (CAN),Women's Moguls,Results Final 2,ANTHONY Jakara,2530720,1,82.01,17.7,47.8,16.51,1,7oG,1.11,7.8,7.8,2,bG,0.92,8.4,8.7
FIS FREESTYLE SKI WORLD CUP 2024,2024-01-19,VAL ST. COME (CAN),Women's Moguls,Results Final 2,KAUF Jaelin,2529064,2,74.87,18.82,44.0,12.05,1,bG,0.92,5.7,5.5,2,7op,0.98,7.2,6.9
FIS FREESTYLE SKI WORLD CUP 2024,2024-01-19,VAL ST. COME (CAN),Women's Moguls,Results Final 2,TOMITAKA Hinako,2532031,3,74.19,16.69,45.3,12.2,1,bG,0.92,7.2,7.1,2,7op,0.98,5.7,5.8
FIS FREESTYLE SKI WORLD CUP 2024,2024-01-26,WATERVILLE (USA),Men's Moguls,Results Final 2,HORISHIMA Ikuma,2529645,1,85.84,17.28,50.3,18.26,1,bdF,1.05,9.0,9.1,2,10op,1.05,8.3,8.4
FIS FREESTYLE SKI WORLD CUP 2024,2024-01-26,WATERVILLE (USA),Men's Moguls,Results Final 2,WOODS Cooper,2532161,2,81.04,17.66,47.6,15.78,1,bdF,1.05,7.9,8.1,2,7op,0.88,8.7,8.1
FIS FREESTYLE SKI WORLD CUP 2024,2024-01-26,WATERVILLE (USA),Men's Moguls,Results Final 2,KINGSBURY Mikael,2484937,3,80.07,17.07,45.0,18.0,1,bdF,1.05,8.2,8.3,2,10op,1.05,9.2,8.6
FIS FREESTYLE SKI WORLD CUP 2024,2024-01-26,WATERVILLE (USA),Women's Moguls,Results Final 2,ANTHONY Jakara,2530720,1,81.22,18.02,47.6,15.6,1,7oG,1.11,8.3,7.8,2,bp,0.81,8.6,7.9
FIS FREESTYLE SKI WORLD CUP 2024,2024-01-26,WATERVILLE (USA),Women's Moguls,Results Final 2,KAUF Jaelin,2529064,2,71.71,19.07,40.6,12.04,1,7op,0.98,6.8,7.7,2,bp,0.81,5.2,7.0
FIS FREESTYLE SKI WORLD CUP 2024,2024-01-26,WATERVILLE (USA),Women's Moguls,Results Final 2,SOAR Hannah,2531373,3,67.93,15.35,43.1,9.48,1,bp,0.81,5.7,5.7,2,bG,0.92,5.1,5.5
FIS FREESTYLE SKI WORLD CUP 2024,2024-02-01,DEER VALLEY (USA),Men's Moguls,Results Final 2,KINGSBURY Mikael,2484937,1,82.17,16.86,49.3,16.01,1,bF,0.88,8.8,9.0,2,10op,1.05,8.1,7.5
FIS FREESTYLE SKI WORLD CUP 2024,2024-02-01,DEER VALLEY (USA),Men's Moguls,Results Final 2,HORISHIMA Ikuma,2529645,2,79.15,17.34,47.8,14.01,1,bdF,1.05,6.6,5.4,2,10op,1.05,7.7,7.0
FIS FREESTYLE SKI WORLD CUP 2024,2024-02-01,DEER VALLEY (USA),Men's Moguls,Results Final 2,GRAVENFORS Filip,2534858,3,78.8,17.41,46.2,15.19,1,10op,1.05,7.2,8.0,2,7op,0.88,8.2,8.2
FIS FREESTYLE SKI WORLD CUP 2024,2024-02-01,DEER VALLEY (USA),Women's Moguls,Results Final 2,GIACCIO Olivia,2532241,1,75.42,15.96,44.8,14.66,1,bF,0.98,7.2,6.9,2,10op,1.15,7.0,6.5
FIS FREESTYLE SKI WORLD CUP 2024,2024-02-01,DEER VALLEY (USA),Women's Moguls,Results Final 2,KAUF Jaelin,2529064,2,70.87,18.41,40.4,12.06,1,bG,0.92,7.7,6.3,2,7op,0.98,6.2,5.3
FIS FREESTYLE SKI WORLD CUP 2024,2024-02-01,DEER VALLEY (USA),Women's Moguls,Results Final 2,TOMITAKA Hinako,2532031,3,67.33,14.51,40.4,12.42,1,bG,0.92,6.8,7.0,2,7op,0.98,6.5,5.9
FIS FREESTYLE SKI WORLD CUP 2025,2024-11-30,RUKA (FIN),Men's Moguls,Results Final 2,KINGSBURY Mikael,2484937,1,83.9,15.79,51.0,17.11,1,bdF,1.05,8.6,8.8,2,10op,1.05,7.6,7.6
FIS FREESTYLE SKI WORLD CUP 2025,2024-11-30,RUKA (FIN),Men's Moguls,Results Final 2,WALLBERG Walter,2532001,2,81.14,16.47,48.3,16.37,1,bdF,1.05,7.8,7.7,2,10op,1.05,8.0,7.7
FIS FREESTYLE SKI WORLD CUP 2025,2024-11-30,RUKA (FIN),Men's Moguls,Results Final 2,HORISHIMA Ikuma,2529645,3,80.51,14.02,48.4,18.09,1,bdF,1.05,8.0,8.0,2,14op,1.22,7.9,8.0
FIS FREESTYLE SKI WORLD CUP 2025,2024-11-30,RUKA (FIN),Women's Moguls,Results Final 2,LAFFONT Perrine,2531156,1,81.13,16.06,49.0,16.07,1,7oG,1.11,8.2,8.0,2,bG,0.92,7.7,7.7
FIS FREESTYLE SKI WORLD CUP 2025,2024-11-30,RUKA (FIN),Women's Moguls,Results Final 2,ANTHONY Jakara,2530720,2,80.0,15.71,47.3,16.99,1,7oG,1.11,8.1,8.1,2,bG,0.92,8.5,8.9
FIS FREESTYLE SKI WORLD CUP 2025,2024-11-30,RUKA (FIN),Women's Moguls,Results Final 2,GIACCIO Olivia,2532241,3,76.95,14.13,46.8,16.02,1,7oG,1.11,7.7,6.8,2,7op,0.98,8.0,8.3
FIS FREESTYLE SKI WORLD CUP 2025,2024-12-06,IDRE FJÄLL (SWE),Men's Moguls,Results Final 2,KINGSBURY Mikael,2484937,1,87.92,17.71,51.0,19.21,1,bdF,1.05,9.3,9.0,2,10op,1.05,9.2,9.1
FIS FREESTYLE SKI WORLD CUP 2025,2024-12-06,IDRE FJÄLL (SWE),Men's Moguls,Results Final 2,HORISHIMA Ikuma,2529645,2,85.89,16.78,51.0,18.11,1,bdF,1.05,8.2,8.3,2,14op,1.22,7.8,7.7
FIS FREESTYLE SKI WORLD CUP 2025,2024-12-06,IDRE FJÄLL (SWE),Men's Moguls,Results Final 2,WALLBERG Walter,2532001,3,85.63,18.01,49.1,18.52,1,bdF,1.05,8.9,8.9,2,7oG,1.01,8.9,9.3
FIS FREESTYLE SKI WORLD CUP 2025,2024-12-06,IDRE FJÄLL (SWE),Women's Moguls,Results Final 2,ANTHONY Jakara,2530720,1,82.94,17.56,48.2,17.18,1,7oG,1.11,8.5,8.9,2,bp,0.81,9.3,9.3
FIS FREESTYLE SKI WORLD CUP 2025,2024-12-06,IDRE FJÄLL (SWE),Women's Moguls,Results Final 2,LAFFONT Perrine,2531156,2,80.89,16.89,46.2,17.8,1,7oG,1.11,8.5,8.5,2,bG,0.92,9.2,9.0
FIS FREESTYLE SKI WORLD CUP 2025,2024-12-06,IDRE FJÄLL (SWE),Women's Moguls,Results Final 2,SCHWINGHAMMER,2533204,3,80.71,16.53,47.7,16.48,1,7op,0.98,7.8,8.3,2,bG,0.92,9.3,9.4
FIS FREESTYLE SKI WORLD CUP 2025,2024-12-20,BAKURIANI (GEO),Men's Moguls,Results Final 2,CAVET Benjamin,2530514,1,84.08,17.86,49.1,17.12,1,bF,0.88,9.0,9.4,2,10op,1.05,8.6,8.6
FIS FREESTYLE SKI WORLD CUP 2025,2024-12-20,BAKURIANI (GEO),Men's Moguls,Results Final 2,KINGSBURY Mikael,2484937,2,82.93,16.93,48.6,17.4,1,10op,1.05,8.6,8.4,2,7oG,1.01,8.2,8.6
FIS FREESTYLE SKI WORLD CUP 2025,2024-12-20,BAKURIANI (GEO),Men's Moguls,Results Final 2,VIERELA Severi,2533386,3,80.8,18.36,46.1,16.34,1,10op,1.05,8.4,8.7,2,7oG,1.01,7.4,7.2
FIS FREESTYLE SKI WORLD CUP 2025,2024-12-20,BAKURIANI (GEO),Women's Moguls,Results Final 2,GIACCIO Olivia,2532241,1,80.19,16.89,45.3,18.0,1,7oG,1.11,8.6,8.5,2,7op,0.98,8.7,8.7
FIS FREESTYLE SKI WORLD CUP 2025,2024-12-20,BAKURIANI (GEO),Women's Moguls,Results Final 2,LAFFONT Perrine,2531156,2,76.53,16.54,45.6,14.39,1,7op,0.98,7.8,7.6,2,bG,0.92,7.4,7.5
FIS FREESTYLE SKI WORLD CUP 2025,2024-12-20,BAKURIANI (GEO),Women's Moguls,Results Final 2,KAUF Jaelin,2529064,3,76.13,19.58,42.8,13.75,1,7op,0.98,7.2,7.1,2,bG,0.92,7.3,7.4
FIS FREESTYLE SKI WORLD CUP 2025,2025-01-24,WATERVILLE (USA),Men's Moguls,Results Final 2,KINGSBURY Mikael,2484937,1,84.95,16.95,50.9,17.1,1,bF,0.88,9.4,9.2,2,10op,1.05,8.5,8.5
FIS FREESTYLE SKI WORLD CUP 2025,2025-01-24,WATERVILLE (USA),Men's Moguls,Results Final 2,PAGE Nick,2533462,2,83.55,16.76,49.8,16.99,1,10op,1.05,8.3,8.6,2,7oG,1.01,7.9,8.2
FIS FREESTYLE SKI WORLD CUP 2025,2025-01-24,WATERVILLE (USA),Men's Moguls,Results Final 2,CAVET Benjamin,2530514,3,74.55,16.9,43.8,13.85,1,bF,0.88,7.1,8.3,2,10op,1.05,6.7,6.8
FIS FREESTYLE SKI WORLD CUP 2025,2025-01-24,WATERVILLE (USA),Women's Moguls,Results Final 2,LAFFONT Perrine,2531156,1,77.43,17.61,46.2,13.62,1,7oG,1.11,7.0,6.7,2,bG,0.92,6.6,6.5
FIS FREESTYLE SKI WORLD CUP 2025,2025-01-24,WATERVILLE (USA),Women's Moguls,Results Final 2,KAUF Jaelin,2529064,2,77.39,17.73,45.5,14.16,1,7op,0.98,6.8,7.1,2,bG,0.92,7.8,8.2
FIS FREESTYLE SKI WORLD CUP 2025,2025-01-24,WATERVILLE (USA),Women's Moguls,Results Final 2,GIACCIO Olivia,2532241,3,75.52,17.39,44.5,13.63,1,7oG,1.11,6.2,6.0,2,7op,0.98,6.5,7.5
FIS FREESTYLE SKI WORLD CUP 2025,2025-01-31,VAL ST. COME (CAN),Men's Moguls,Results Final 2,KINGSBURY Mikael,2484937,1,87.42,16.33,53.8,17.29,1,bF,0.88,9.5,9.4,2,10op,1.05,8.7,8.4
FIS FREESTYLE SKI WORLD CUP 2025,2025-01-31,VAL ST. COME (CAN),Men's Moguls,Results Final 2,VIEL Julien,2534074,2,80.56,16.35,49.0,15.21,1,10op,1.05,7.8,8.2,2,7op,0.88,7.6,7.9
FIS FREESTYLE SKI WORLD CUP 2025,2025-01-31,VAL ST. COME (CAN),Men's Moguls,Results Final 2,PENTTALA Olli,2528035,3,78.28,16.2,45.8,16.28,1,10op,1.05,8.2,8.5,2,7oG,1.01,7.4,7.5
FIS FREESTYLE SKI WORLD CUP 2025,2025-01-31,VAL ST. COME (CAN),Women's Moguls,Results Final 2,SCHWINGHAMMER,2533204,1,80.07,16.61,48.1,15.36,1,7op,0.98,7.8,7.7,2,bG,0.92,8.5,8.4
FIS FREESTYLE SKI WORLD CUP 2025,2025-01-31,VAL ST. COME (CAN),Women's Moguls,Results Final 2,KAUF Jaelin,2529064,2,77.85,17.82,45.1,14.93,1,7op,0.98,7.9,7.0,2,bG,0.92,8.1,8.5
FIS FREESTYLE SKI WORLD CUP 2025,2025-01-31,VAL ST. COME (CAN),Women's Moguls,Results Final 2,GIACCIO Olivia,2532241,3,77.71,15.12,45.7,16.89,1,7oG,1.11,8.1,8.3,2,7op,0.98,8.0,7.9
FIS FREESTYLE SKI WORLD CUP 2025,2025-02-06,DEER VALLEY (USA),Men's Moguls,Results Final 2,HORISHIMA Ikuma,2529645,1,86.24,16.72,52.8,16.72,1,bdF,1.05,8.1,8.2,2,14op,1.22,6.6,6.8
FIS FREESTYLE SKI WORLD CUP 2025,2025-02-06,DEER VALLEY (USA),Men's Moguls,Results Final 2,KOLMAKOV Pavel,2528846,2,84.95,17.33,51.4,16.22,1,bdF,1.05,8.3,8.1,2,bG,0.82,9.4,9.2
FIS FREESTYLE SKI WORLD CUP 2025,2025-02-06,DEER VALLEY (USA),Men's Moguls,Results Final 2,CAVET Benjamin,2530514,3,83.82,16.27,51.3,16.25,1,bF,0.88,8.4,8.5,2,10op,1.05,8.5,8.3
FIS FREESTYLE SKI WORLD CUP 2025,2025-02-06,DEER VALLEY (USA),Women's Moguls,Results Final 2,KAUF Jaelin,2529064,1,80.75,16.4,49.0,15.35,1,7op,0.98,7.6,7.7,2,bG,0.92,8.6,8.5
FIS FREESTYLE SKI WORLD CUP 2025,2025-02-06,DEER VALLEY (USA),Women's Moguls,Results Final 2,LAFFONT Perrine,2531156,2,79.63,17.15,47.3,15.18,1,7oG,1.11,6.9,6.8,2,bG,0.92,8.4,8.1
FIS FREESTYLE SKI WORLD CUP 2025,2025-02-06,DEER VALLEY (USA),Women's Moguls,Results Final 2,SCHWINGHAMMER,2533204,3,75.22,15.87,46.3,13.05,1,7op,0.98,7.5,7.4,2,bp,0.81,7.1,7.1
FIS FREESTYLE SKI WORLD CUP 2025,2025-02-21,BEIDAHU (CHN),Men's Moguls,Results Final 2,HORISHIMA Ikuma,2529645,1,86.57,16.43,52.5,17.64,1,bdF,1.05,8.5,8.5,2,14op,1.22,7.1,7.2
FIS FREESTYLE SKI WORLD CUP 2025,2025-02-21,BEIDAHU (CHN),Men's Moguls,Results Final 2,KINGSBURY Mikael,2484937,2,85.91,16.83,53.2,15.88,1,10op,1.05,8.3,8.4,2,7op,0.88,8.1,8.1
FIS FREESTYLE SKI WORLD CUP 2025,2025-02-21,BEIDAHU (CHN),Men's Moguls,Results Final 2,GRAVENFORS Filip,2534858,3,83.79,16.97,50.6,16.22,1,10oG,1.2,7.7,7.6,2,7op,0.88,8.0,8.0
FIS FREESTYLE SKI WORLD CUP 2025,2025-02-21,BEIDAHU (CHN),Women's Moguls,Results Final 2,KAUF Jaelin,2529064,1,82.19,18.18,49.4,14.61,1,7op,0.98,7.4,7.4,2,bG,0.92,8.0,8.0
FIS FREESTYLE SKI WORLD CUP 2025,2025-02-21,BEIDAHU (CHN),Women's Moguls,Results Final 2,LAFFONT Perrine,2531156,2,79.23,15.85,48.5,14.88,1,7oG,1.11,7.3,7.0,2,bG,0.92,7.5,7.6
FIS FREESTYLE SKI WORLD CUP 2025,2025-02-21,BEIDAHU (CHN),Women's Moguls,Results Final 2,GIACCIO Olivia,2532241,3,78.43,16.01,47.1,15.32,1,7oG,1.11,7.6,7.4,2,7op,0.98,7.1,7.2
FIS FREESTYLE SKI WORLD CUP 2025,2025-03-11,LIVIGNO (ITA),Men's Moguls,Results Final 2,HORISHIMA Ikuma,2529645,1,85.37,17.64,50.3,17.43,1,bdF,1.05,7.6,7.5,2,14op,1.22,7.8,7.8
FIS FREESTYLE SKI WORLD CUP 2025,2025-03-11,LIVIGNO (ITA),Men's Moguls,Results Final 2,KINGSBURY Mikael,2484937,2,82.9,17.6,49.4,15.9,1,bdF,1.05,6.9,6.8,2,10op,1.05,8.4,8.2
FIS FREESTYLE SKI WORLD CUP 2025,2025-03-11,LIVIGNO (ITA),Men's Moguls,Results Final 2,MICKEL Charlie,2537180,3,80.14,16.51,48.1,15.53,1,7oG,1.01,7.6,7.9,2,10op,1.05,7.4,7.3
FIS FREESTYLE SKI WORLD CUP 2025,2025-03-11,LIVIGNO (ITA),Women's Moguls,Results Final 2,KAUF Jaelin,2529064,1,81.21,18.58,47.5,15.13,1,7op,0.98,7.9,7.6,2,bG,0.92,8.1,8.3
FIS FREESTYLE SKI WORLD CUP 2025,2025-03-11,LIVIGNO (ITA),Women's Moguls,Results Final 2,LAFFONT Perrine,2531156,2,77.07,17.15,46.3,13.62,1,7oG,1.11,6.3,5.9,2,7op,0.98,7.3,6.7
FIS FREESTYLE SKI WORLD CUP 2025,2025-03-11,LIVIGNO (ITA),Women's Moguls,Results Final 2,JOHNSON Tess,2532270,3,74.94,15.28,44.1,15.56,1,7oG,1.11,7.2,7.1,2,bG,0.92,8.3,8.3
FIS FREESTYLE SKI WORLD CUP 2026,2025-12-07,RUKA (FIN),Men's Moguls,Results Final 2,HORISHIMA Ikuma,2529645,1,83.48,17.39,47.6,18.49,1,bdF,1.05,8.2,8.1,2,14op,1.22,8.3,8.1
FIS FREESTYLE SKI WORLD CUP 2026,2025-12-07,RUKA (FIN),Men's Moguls,Results Final 2,WALLBERG Walter,2532001,2,82.47,17.64,47.8,17.03,1,bdF,1.05,8.1,8.2,2,7oG,1.01,8.5,8.3
FIS FREESTYLE SKI WORLD CUP 2026,2025-12-07,RUKA (FIN),Men's Moguls,Results Final 2,PAGE Nick,2533462,3,79.62,16.61,47.3,15.71,1,7op,0.88,8.1,7.6,2,10op,1.05,8.9,7.9
FIS FREESTYLE SKI WORLD CUP 2026,2025-12-07,RUKA (FIN),Women's Moguls,Results Final 2,JOHNSON Tess,2532270,1,78.86,16.69,46.5,15.67,1,7oG,1.11,7.2,7.3,2,bG,0.92,8.4,8.2
FIS FREESTYLE SKI WORLD CUP 2026,2025-12-07,RUKA (FIN),Women's Moguls,Results Final 2,LAFFONT Perrine,2531156,2,77.43,16.87,47.2,13.36,1,7op,0.98,7.4,7.2,2,7oG,1.11,5.7,5.5
FIS FREESTYLE SKI WORLD CUP 2026,2025-12-07,RUKA (FIN),Women's Moguls,Results Final 2,GIACCIO Olivia,2532241,3,74.35,17.78,41.1,15.47,1,7oG,1.11,7.3,7.7,2,7op,0.98,7.3,7.3
FIS FREESTYLE SKI WORLD CUP 2026,2025-12-08,RUKA (FIN),Women's Moguls,Results Final 2,ANTHONY Jakara,2530720,1,79.89,17.46,47.6,14.83,1,7oG,1.11,6.9,6.5,2,bG,0.92,8.1,8.0
FIS FREESTYLE SKI WORLD CUP 2026,2025-12-08,RUKA (FIN),Women's Moguls,Results Final 2,GIACCIO Olivia,2532241,2,78.64,17.23,46.9,14.51,1,7oG,1.11,7.1,7.4,2,7op,0.98,6.5,6.7
FIS FREESTYLE SKI WORLD CUP 2026,2025-12-08,RUKA (FIN),Women's Moguls,Results Final 2,KAUF Jaelin,2529064,3,78.08,18.69,44.8,14.59,1,7oG,1.11,6.4,6.9,2,bG,0.92,7.8,7.9
FIS FREESTYLE SKI WORLD CUP 2026,2026-01-09,VAL ST. COME (CAN),Men's Moguls,Results Final,KINGSBURY Mikael,2484937,1,85.83,17.54,51.6,16.69,1,bdF,1.05,7.9,7.9,2,10op,1.05,8.0,8.0
FIS FREESTYLE SKI WORLD CUP 2026,2026-01-09,VAL ST. COME (CAN),Men's Moguls,Results Final,GRAHAM Matt,2441426,2,83.5,17.89,50.6,15.01,1,bF,0.88,8.2,8.4,2,10op,1.05,7.2,7.5
FIS FREESTYLE SKI WORLD CUP 2026,2026-01-09,VAL ST. COME (CAN),Men's Moguls,Results Final,PAGE Nick,2533462,3,80.96,16.14,48.4,16.42,1,7oG,1.01,8.1,8.2,2,10op,1.05,7.8,7.8
FIS FREESTYLE SKI WORLD CUP 2026,2026-01-16,WATERVILLE VALLEY RESORT (USA),Men's Moguls,Results Final 2,HORISHIMA Ikuma,2529645,1,85.56,16.67,51.7,17.19,1,bF,0.88,9.2,9.0,2,10op,1.05,9.0,8.5
FIS FREESTYLE SKI WORLD CUP 2026,2026-01-16,WATERVILLE VALLEY RESORT (USA),Men's Moguls,Results Final 2,GRAVENFORS Filip,2534858,2,80.54,17.02,47.0,16.52,1,10oG,1.2,8.3,7.8,2,7op,0.88,7.8,7.8
FIS FREESTYLE SKI WORLD CUP 2026,2026-01-16,WATERVILLE VALLEY RESORT (USA),Men's Moguls,Results Final 2,HIRAYAMA Shota,2531908,3,79.47,16.4,48.0,15.07,1,bF,0.88,7.3,7.8,2,7oG,1.01,8.4,8.3
FIS FREESTYLE SKI WORLD CUP 2026,2026-01-16,WATERVILLE VALLEY RESORT (USA),Women's Moguls,Results Final 2,ANTHONY Jakara,2530720,1,81.17,15.49,49.0,16.68,1,7oG,1.11,7.8,8.1,2,bG,0.92,8.5,8.6
FIS FREESTYLE SKI WORLD CUP 2026,2026-01-16,WATERVILLE VALLEY RESORT (USA),Women's Moguls,Results Final 2,LEMLEY Elizabeth,2537762,2,78.12,15.57,47.4,15.15,1,7op,0.98,6.8,6.6,2,7oG,1.11,7.9,7.6
FIS FREESTYLE SKI WORLD CUP 2026,2026-01-16,WATERVILLE VALLEY RESORT (USA),Women's Moguls,Results Final 2,GIACCIO Olivia,2532241,3,76.6,15.59,46.5,14.51,1,7oG,1.11,6.8,6.3,2,7op,0.98,7.2,7.6
FIS FREESTYLE SKI WORLD CUP 2026,2026-02-28,NANTO-TOYAMA (JPN),Men's Moguls,Results Final 2,GRAHAM Matt,2441426,1,78.42,17.51,45.5,15.41,1,bF,0.88,8.3,8.0,2,10op,1.05,7.6,8.1
FIS FREESTYLE SKI WORLD CUP 2026,2026-02-28,NANTO-TOYAMA (JPN),Men's Moguls,Results Final 2,WENDLER Landon,2534140,2,78.21,17.28,45.4,15.53,1,7op,0.88,8.6,8.0,2,7oG,1.01,8.0,8.3
FIS FREESTYLE SKI WORLD CUP 2026,2026-02-28,NANTO-TOYAMA (JPN),Men's Moguls,Results Final 2,HORISHIMA Ikuma,2529645,3,75.63,18.58,42.3,14.75,1,bF,0.88,8.2,8.4,2,10op,1.05,7.1,7.1
"FIS SNOWBOARD, FREESTYLE AND FREESKI WORLD CHAMPIONSHIPS 2023",2023-02-25,BAKURIANI (GEO),Men's Moguls,Results Final 2,KINGSBURY Mikael,2484937,1,89.82,18.17,53.6,18.05,1,bdF,1.05,9.0,8.5,2,10op,1.05,8.7,8.2
"FIS SNOWBOARD, FREESTYLE AND FREESKI WORLD CHAMPIONSHIPS 2023",2023-02-25,BAKURIANI (GEO),Men's Moguls,Results Final 2,GRAHAM Matt,2441426,2,88.9,18.92,53.0,16.98,1,10op,1.05,9.4,9.3,2,7op,0.88,8.1,8.2
"FIS SNOWBOARD, FREESTYLE AND FREESKI WORLD CHAMPIONSHIPS 2023",2023-02-25,BAKURIANI (GEO),Men's Moguls,Results Final 2,WALLBERG Walter,2532001,3,88.52,18.18,53.5,16.84,1,bF,0.88,9.1,8.9,2,10op,1.05,8.6,8.4
"FIS SNOWBOARD, FREESTYLE AND FREESKI WORLD CHAMPIONSHIPS 2023",2023-02-25,BAKURIANI (GEO),Women's Moguls,Results Final 2,LAFFONT Perrine,2531156,1,87.4,19.23,52.4,15.77,1,bG,0.92,8.1,8.1,2,7op,0.98,8.6,8.4
"FIS SNOWBOARD, FREESTYLE AND FREESKI WORLD CHAMPIONSHIPS 2023",2023-02-25,BAKURIANI (GEO),Women's Moguls,Results Final 2,KAUF Jaelin,2529064,2,83.56,19.83,49.8,13.93,1,bG,0.92,8.1,8.4,2,bp,0.81,7.8,7.9
"FIS SNOWBOARD, FREESTYLE AND FREESKI WORLD CHAMPIONSHIPS 2023",2023-02-25,BAKURIANI (GEO),Women's Moguls,Results Final 2,CARROLL Avital,2529074,3,80.19,19.14,45.8,15.25,1,7oG,1.11,6.8,7.2,2,bG,0.92,7.9,8.4
"FIS Snowboard, Freestyle and Freeski World Championships 2025",2025-03-19,ST. MORITZ / ENGADIN (SUI),Men's Moguls,Results Final 2,HORISHIMA Ikuma,2529645,1,89.03,17.65,52.2,19.18,1,bdF,1.05,8.7,8.8,2,14op,1.22,8.5,9.0
"FIS Snowboard, Freestyle and Freeski World Championships 2025",2025-03-19,ST. MORITZ / ENGADIN (SUI),Men's Moguls,Results Final 2,KINGSBURY Mikael,2484937,2,82.68,17.36,49.1,16.22,1,bdF,1.05,8.5,8.6,2,10op,1.05,7.0,6.8
"FIS Snowboard, Freestyle and Freeski World Championships 2025",2025-03-19,ST. MORITZ / ENGADIN (SUI),Men's Moguls,Results Final 2,JUNG Daeyoon,2534856,3,81.76,17.14,47.3,17.32,1,10oG,1.2,8.6,8.5,2,7oG,1.01,7.3,7.2
"FIS Snowboard, Freestyle and Freeski World Championships 2025",2025-03-19,ST. MORITZ / ENGADIN (SUI),Women's Moguls,Results Final 2,LAFFONT Perrine,2531156,1,77.92,17.34,47.0,13.58,1,bp,0.81,7.5,7.3,2,7op,0.98,7.6,7.9
"FIS Snowboard, Freestyle and Freeski World Championships 2025",2025-03-19,ST. MORITZ / ENGADIN (SUI),Women's Moguls,Results Final 2,TOMITAKA Hinako,2532031,2,75.15,16.49,46.1,12.56,1,bG,0.92,5.5,5.2,2,7op,0.98,7.7,7.9
"FIS Snowboard, Freestyle and Freeski World Championships 2025",2025-03-19,ST. MORITZ / ENGADIN (SUI),Women's Moguls,Results Final 2,SCHWINGHAMMER,2533204,3,74.92,16.8,43.9,14.22,1,7op,0.98,6.5,6.3,2,bG,0.92,8.7,8.6
