event,event_date,venue,discipline,round,athlete,fis_code,rank,run_score,time_points,turns_total,air_total,jump_1_jump_number,jump_1_type,jump_1_degree_diff,jump_1_judge_6_score,jump_1_judge_7_score,jump_2_jump_number,jump_2_type,jump_2_degree_diff,jump_2_judge_6_score,jump_2_judge_7_score,podium_rank
FIS FREESTYLE SKI WORLD CUP 2023,2022-12-03,RUKA (FIN),Men's Moguls,Results Final 1,KINGSBURY Mikael,2484937,1,83.36,15.34,51.4,16.62,1,bF,0.88,8.5,8.4,2,10op,1.05,8.8,8.7,1
FIS FREESTYLE SKI WORLD CUP 2023,2022-12-03,RUKA (FIN),Men's Moguls,Results Final 2,KINGSBURY Mikael,2484937,1,84.5,15.96,52.2,16.34,1,bF,0.88,8.4,8.6,2,10op,1.05,8.4,8.5,1
FIS FREESTYLE SKI WORLD CUP 2023,2022-12-03,RUKA (FIN),Men's Moguls,Results Qualification,KINGSBURY Mikael,2484937,1,79.06,16.0,48.9,14.16,1,bF,0.88,7.6,7.8,2,7op,0.88,8.5,8.3,1
FIS FREESTYLE SKI WORLD CUP 2023,2022-12-03,RUKA (FIN),Men's Moguls,Results Final 1,HORISHIMA Ikuma,2529645,2,81.09,14.57,49.6,16.92,1,bF,0.88,8.1,8.9,2,10op,1.05,8.8,9.2,2
FIS FREESTYLE SKI WORLD CUP 2023,2022-12-03,RUKA (FIN),Men's Moguls,Results Final 2,HORISHIMA Ikuma,2529645,2,80.48,14.52,49.8,16.16,1,bF,0.88,8.5,8.2,2,10op,1.05,8.4,8.4,2
FIS FREESTYLE SKI WORLD CUP 2023,2022-12-03,RUKA (FIN),Men's Moguls,Results Qualification,HORISHIMA Ikuma,2529645,6,75.24,13.88,46.5,14.86,1,bF,0.88,8.4,8.6,2,7op,0.88,8.3,8.5,2
FIS FREESTYLE SKI WORLD CUP 2023,2022-12-03,RUKA (FIN),Men's Moguls,Results Final 1,GRAHAM Matt,2441426,4,80.73,15.38,48.4,16.95,1,bdF,1.05,8.3,8.3,2,10op,1.05,7.9,7.8,3
FIS FREESTYLE SKI WORLD CUP 2023,2022-12-03,RUKA (FIN),Men's Moguls,Results Final 2,GRAHAM Matt,2441426,3,80.12,15.76,49.2,15.16,1,bdF,1.05,6.1,6.2,2,10op,1.05,8.3,8.3,3
FIS FREESTYLE SKI WORLD CUP 2023,2022-12-03,RUKA (FIN),Men's Moguls,Results Qualification,GRAHAM Matt,2441426,7,75.09,14.74,46.5,13.85,1,bF,0.88,7.9,7.8,2,7op,0.88,8.1,7.7,3
FIS FREESTYLE SKI WORLD CUP 2023,2022-12-03,RUKA (FIN),Women's Moguls,Results Final 1,ANTHONY Jakara,2530720,2,77.58,17.18,49.1,11.3,1,7oG,1.11,2.2,4.0,2,bG,0.92,8.6,8.5,1
FIS FREESTYLE SKI WORLD CUP 2023,2022-12-03,RUKA (FIN),Women's Moguls,Results Final 2,ANTHONY Jakara,2530720,1,81.69,17.64,48.2,15.85,1,7oG,1.11,8.2,8.2,2,bG,0.92,7.3,7.4,1
FIS FREESTYLE SKI WORLD CUP 2023,2022-12-03,RUKA (FIN),Women's Moguls,Results Qualification,ANTHONY Jakara,2530720,2,78.2,15.61,46.6,15.99,1,7oG,1.11,7.4,7.5,2,bG,0.92,8.6,8.2,1
FIS FREESTYLE SKI WORLD CUP 2023,2022-12-03,RUKA (FIN),Women's Moguls,Results Final 1,LAFFONT Perrine,2531156,1,78.53,17.23,47.3,14.0,1,bG,0.92,6.7,6.4,2,7op,0.98,8.1,8.2,2
FIS FREESTYLE SKI WORLD CUP 2023,2022-12-03,RUKA (FIN),Women's Moguls,Results Final 2,LAFFONT Perrine,2531156,2,78.33,17.54,47.2,13.59,1,bG,0.92,6.9,7.0,2,7op,0.98,7.3,7.4,2
FIS FREESTYLE SKI WORLD CUP 2023,2022-12-03,RUKA (FIN),Women's Moguls,Results Qualification,LAFFONT Perrine,2531156,1,79.76,16.95,49.4,13.41,1,bG,0.92,7.1,7.9,2,bp,0.81,8.3,7.8,2
FIS FREESTYLE SKI WORLD CUP 2023,2022-12-03,RUKA (FIN),Women's Moguls,Results Final 1,KAWAMURA Anri,2534852,5,74.85,16.8,43.5,14.55,1,bp,0.81,7.8,8.2,2,7op,0.98,8.2,8.3,3
FIS FREESTYLE SKI WORLD CUP 2023,2022-12-03,RUKA (FIN),Women's Moguls,Results Final 2,KAWAMURA Anri,2534852,3,78.33,17.95,46.1,14.28,1,bp,0.81,7.8,8.0,2,7op,0.98,7.9,8.2,3
FIS FREESTYLE SKI WORLD CUP 2023,2022-12-03,RUKA (FIN),Women's Moguls,Results Qualification,KAWAMURA Anri,2534852,6,72.06,15.04,42.9,14.12,1,bp,0.81,7.7,7.6,2,7op,0.98,8.2,8.0,3
FIS FREESTYLE SKI WORLD CUP 2023,2022-12-10,IDRE FJÄLL (SWE),Men's Moguls,Results Final 1,PAGE Nick,2533462,3,79.14,17.02,45.7,16.42,1,7oG,1.01,8.1,7.8,2,10op,1.05,7.8,8.2,1
FIS FREESTYLE SKI WORLD CUP 2023,2022-12-10,IDRE FJÄLL (SWE),Men's Moguls,Results Final 2,PAGE Nick,2533462,1,81.02,17.96,46.8,16.26,1,7oG,1.01,8.2,7.8,2,10op,1.05,8.0,7.6,1
FIS FREESTYLE SKI WORLD CUP 2023,2022-12-10,IDRE FJÄLL (SWE),Men's Moguls,Results Final 1,KINGSBURY Mikael,2484937,4,78.8,17.57,45.9,15.33,1,10op,1.05,7.6,7.7,2,7op,0.88,8.1,8.5,2
FIS FREESTYLE SKI WORLD CUP 2023,2022-12-10,IDRE FJÄLL (SWE),Men's Moguls,Results Final 2,KINGSBURY Mikael,2484937,2,79.86,18.13,47.3,14.43,1,10op,1.05,7.6,7.5,2,7op,0.88,7.5,7.3,2
FIS FREESTYLE SKI WORLD CUP 2023,2022-12-10,IDRE FJÄLL (SWE),Men's Moguls,Results Final 1,WALLBERG Walter,2532001,5,78.45,18.7,45.0,14.75,1,bF,0.88,8.1,7.8,2,10op,1.05,7.3,7.5,3
FIS FREESTYLE SKI WORLD CUP 2023,2022-12-10,IDRE FJÄLL (SWE),Men's Moguls,Results Final 2,WALLBERG Walter,2532001,3,78.98,18.5,44.7,15.78,1,bF,0.88,8.4,8.5,2,10op,1.05,8.1,7.8,3
FIS FREESTYLE SKI WORLD CUP 2023,2022-12-10,IDRE FJÄLL (SWE),Women's Moguls,Results Final 1,ANTHONY Jakara,2530720,1,81.6,17.34,47.7,16.56,1,7oG,1.11,7.8,8.3,2,bG,0.92,8.4,8.2,1
FIS FREESTYLE SKI WORLD CUP 2023,2022-12-10,IDRE FJÄLL (SWE),Women's Moguls,Results Final 2,ANTHONY Jakara,2530720,1,81.75,17.78,48.3,15.67,1,7oG,1.11,7.3,7.1,2,bG,0.92,8.5,8.2,1
FIS FREESTYLE SKI WORLD CUP 2023,2022-12-10,IDRE FJÄLL (SWE),Women's Moguls,Results Final 1,KAWAMURA Anri,2534852,2,79.06,18.5,45.8,14.76,1,7op,0.98,7.6,8.1,2,bG,0.92,7.6,7.8,2
FIS FREESTYLE SKI WORLD CUP 2023,2022-12-10,IDRE FJÄLL (SWE),Women's Moguls,Results Final 2,KAWAMURA Anri,2534852,2,80.02,19.17,46.8,14.05,1,7op,0.98,7.2,7.5,2,bG,0.92,7.7,7.2,2
FIS FREESTYLE SKI WORLD CUP 2023,2022-12-10,IDRE FJÄLL (SWE),Women's Moguls,Results Final 1,LAFFONT Perrine,2531156,4,75.71,19.45,43.1,13.16,1,7op,0.98,7.3,7.6,2,bp,0.81,7.0,7.5,3
FIS FREESTYLE SKI WORLD CUP 2023,2022-12-10,IDRE FJÄLL (SWE),Women's Moguls,Results Final 2,LAFFONT Perrine,2531156,3,76.08,19.41,43.7,12.97,1,7op,0.98,7.2,7.8,2,bp,0.81,7.1,6.8,3
FIS FREESTYLE SKI WORLD CUP 2023,2022-12-16,ALPE D'HUEZ (FRA),Men's Moguls,Results Final 1,HORISHIMA Ikuma,2529645,1,80.43,15.34,48.1,16.99,1,7oG,1.01,8.2,8.3,2,10op,1.05,8.4,8.1,1
FIS FREESTYLE SKI WORLD CUP 2023,2022-12-16,ALPE D'HUEZ (FRA),Men's Moguls,Results Final 2,HORISHIMA Ikuma,2529645,1,82.66,16.4,48.7,17.56,1,7oG,1.01,8.6,8.0,2,10op,1.05,8.7,8.8,1
FIS FREESTYLE SKI WORLD CUP 2023,2022-12-16,ALPE D'HUEZ (FRA),Men's Moguls,Results Final 1,KINGSBURY Mikael,2484937,3,78.56,15.03,47.1,16.43,1,bdF,1.05,7.2,7.6,2,10op,1.05,8.4,8.1,2
FIS FREESTYLE SKI WORLD CUP 2023,2022-12-16,ALPE D'HUEZ (FRA),Men's Moguls,Results Final 2,KINGSBURY Mikael,2484937,2,80.85,15.29,48.3,17.26,1,bdF,1.05,7.7,8.1,2,10op,1.05,8.4,8.7,2
FIS FREESTYLE SKI WORLD CUP 2023,2022-12-16,ALPE D'HUEZ (FRA),Men's Moguls,Results Final 1,McDONALD Cole,2534511,6,77.79,15.42,46.9,15.47,1,bF,0.88,8.1,8.6,2,10op,1.05,8.2,7.3,3
FIS FREESTYLE SKI WORLD CUP 2023,2022-12-16,ALPE D'HUEZ (FRA),Men's Moguls,Results Final 2,McDONALD Cole,2534511,3,75.17,16.78,42.6,15.79,1,bdF,1.05,6.5,6.8,2,10op,1.05,8.5,8.3,3
FIS FREESTYLE SKI WORLD CUP 2023,2022-12-16,ALPE D'HUEZ (FRA),Women's Moguls,Results Final 1,ANTHONY Jakara,2530720,1,80.68,16.14,47.6,16.94,1,7oG,1.11,8.0,8.2,2,bG,0.92,8.7,8.6,1
FIS FREESTYLE SKI WORLD CUP 2023,2022-12-16,ALPE D'HUEZ (FRA),Women's Moguls,Results Final 2,ANTHONY Jakara,2530720,1,79.7,16.24,47.5,15.96,1,7oG,1.11,7.5,7.1,2,bG,0.92,8.4,8.7,1
FIS FREESTYLE SKI WORLD CUP 2023,2022-12-16,ALPE D'HUEZ (FRA),Women's Moguls,Results Final 1,LAFFONT Perrine,2531156,3,77.8,16.64,46.8,14.36,1,bp,0.81,8.1,7.9,2,7op,0.98,7.9,8.2,2
FIS FREESTYLE SKI WORLD CUP 2023,2022-12-16,ALPE D'HUEZ (FRA),Women's Moguls,Results Final 2,LAFFONT Perrine,2531156,2,75.81,16.6,45.3,13.91,1,bp,0.81,7.5,6.8,2,7op,0.98,8.4,8.2,2
FIS FREESTYLE SKI WORLD CUP 2023,2022-12-16,ALPE D'HUEZ (FRA),Women's Moguls,Results Final 1,LEMLEY Elizabeth,2537762,4,77.03,17.85,45.7,13.48,1,7oG,1.11,8.4,8.1,2,bp,0.81,5.1,5.6,3
FIS FREESTYLE SKI WORLD CUP 2023,2022-12-16,ALPE D'HUEZ (FRA),Women's Moguls,Results Final 2,LEMLEY Elizabeth,2537762,3,74.75,19.23,42.3,13.22,1,7oG,1.11,6.2,5.9,2,7op,0.98,7.1,6.2,3
FIS FREESTYLE SKI WORLD CUP 2023,2023-01-27,VAL ST. COME (CAN),Men's Moguls,Results Final 1,KINGSBURY Mikael,2484937,1,83.74,17.58,49.8,16.36,1,bF,0.88,9.0,9.1,2,10op,1.05,8.0,8.0,1
FIS FREESTYLE SKI WORLD CUP 2023,2023-01-27,VAL ST. COME (CAN),Men's Moguls,Results Final 2,KINGSBURY Mikael,2484937,1,85.37,17.04,50.6,17.73,1,bdF,1.05,8.5,8.7,2,10op,1.05,8.3,8.3,1
FIS FREESTYLE SKI WORLD CUP 2023,2023-01-27,VAL ST. COME (CAN),Men's Moguls,Results Qualification,KINGSBURY Mikael,2484937,1,82.44,17.1,50.3,15.04,1,bF,0.88,8.0,8.2,2,7op,0.88,9.0,9.0,1
FIS FREESTYLE SKI WORLD CUP 2023,2023-01-27,VAL ST. COME (CAN),Men's Moguls,Results Final 1,WALLBERG Walter,2532001,3,80.96,17.95,48.1,14.91,1,bF,0.88,7.6,7.7,2,10op,1.05,7.8,7.8,2
FIS FREESTYLE SKI WORLD CUP 2023,2023-01-27,VAL ST. COME (CAN),Men's Moguls,Results Final 2,WALLBERG Walter,2532001,2,81.69,18.48,48.1,15.11,1,bF,0.88,8.1,8.0,2,10op,1.05,7.7,7.6,2
FIS FREESTYLE SKI WORLD CUP 2023,2023-01-27,VAL ST. COME (CAN),Men's Moguls,Results Qualification,WALLBERG Walter,2532001,3,79.59,17.49,47.2,14.9,1,bF,0.88,8.6,8.8,2,7op,0.88,8.2,8.3,2
FIS FREESTYLE SKI WORLD CUP 2023,2023-01-27,VAL ST. COME (CAN),Men's Moguls,Results Final 1,HORISHIMA Ikuma,2529645,2,83.22,17.61,47.5,18.11,1,7oG,1.01,9.3,9.0,2,10op,1.05,8.5,8.4,3
FIS FREESTYLE SKI WORLD CUP 2023,2023-01-27,VAL ST. COME (CAN),Men's Moguls,Results Final 2,HORISHIMA Ikuma,2529645,3,81.36,18.23,46.6,16.53,1,7oG,1.01,9.2,8.8,2,10op,1.05,6.7,7.5,3
FIS FREESTYLE SKI WORLD CUP 2023,2023-01-27,VAL ST. COME (CAN),Men's Moguls,Results Qualification,HORISHIMA Ikuma,2529645,6,78.75,17.25,48.4,13.1,1,bF,0.88,8.8,8.7,2,7op,0.88,6.1,6.2,3
FIS FREESTYLE SKI WORLD CUP 2023,2023-01-27,VAL ST. COME (CAN),Women's Moguls,Results Final 1,KAWAMURA Anri,2534852,2,82.47,19.75,47.3,15.42,1,bp,0.81,9.0,8.9,2,7op,0.98,8.5,8.2,1
FIS FREESTYLE SKI WORLD CUP 2023,2023-01-27,VAL ST. COME (CAN),Women's Moguls,Results Final 2,KAWAMURA Anri,2534852,1,82.25,20.0,47.2,15.05,1,bp,0.81,8.0,8.0,2,7op,0.98,8.7,8.8,1
FIS FREESTYLE SKI WORLD CUP 2023,2023-01-27,VAL ST. COME (CAN),Women's Moguls,Results Qualification,KAWAMURA Anri,2534852,3,80.99,19.31,46.5,15.18,1,bp,0.81,8.5,8.8,2,7op,0.98,8.4,8.3,1
FIS FREESTYLE SKI WORLD CUP 2023,2023-01-27,VAL ST. COME (CAN),Women's Moguls,Results Final 1,ANTHONY Jakara,2530720,1,83.23,18.33,47.5,17.4,1,7oG,1.11,8.3,8.4,2,bG,0.92,8.9,8.8,2
FIS FREESTYLE SKI WORLD CUP 2023,2023-01-27,VAL ST. COME (CAN),Women's Moguls,Results Final 2,ANTHONY Jakara,2530720,2,81.88,18.25,46.7,16.93,1,7oG,1.11,8.1,8.0,2,bG,0.92,8.6,8.8,2
FIS FREESTYLE SKI WORLD CUP 2023,2023-01-27,VAL ST. COME (CAN),Women's Moguls,Results Qualification,ANTHONY Jakara,2530720,1,83.68,17.55,48.8,17.33,1,7oG,1.11,8.2,8.2,2,bG,0.92,9.0,8.9,2
FIS FREESTYLE SKI WORLD CUP 2023,2023-01-27,VAL ST. COME (CAN),Women's Moguls,Results Final 1,KAUF Jaelin,2529064,4,78.39,20.0,44.7,13.69,1,bG,0.92,8.2,8.3,2,bp,0.81,7.6,7.5,3
FIS FREESTYLE SKI WORLD CUP 2023,2023-01-27,VAL ST. COME (CAN),Women's Moguls,Results Final 2,KAUF Jaelin,2529064,3,78.34,20.0,44.7,13.64,1,bG,0.92,8.0,8.2,2,bp,0.81,7.8,7.5,3
FIS FREESTYLE SKI WORLD CUP 2023,2023-01-27,VAL ST. COME (CAN),Women's Moguls,Results Qualification,KAUF Jaelin,2529064,8,72.91,18.2,42.7,12.01,1,bG,0.92,7.0,7.6,2,bp,0.81,6.7,6.4,3
FIS FREESTYLE SKI WORLD CUP 2023,2023-02-02,DEER VALLEY (USA),Men's Moguls,Results Final 1,GRAHAM Matt,2441426,1,81.27,17.96,49.1,14.21,1,10op,1.05,7.1,7.5,2,7op,0.88,7.6,7.3,1
FIS FREESTYLE SKI WORLD CUP 2023,2023-02-02,DEER VALLEY (USA),Men's Moguls,Results Final 2,GRAHAM Matt,2441426,1,85.35,18.48,51.8,15.07,1,10op,1.05,7.7,7.6,2,7op,0.88,8.0,8.0,1
FIS FREESTYLE SKI WORLD CUP 2023,2023-02-02,DEER VALLEY (USA),Men's Moguls,Results Qualification,GRAHAM Matt,2441426,3,76.93,17.12,46.4,13.41,1,bF,0.88,8.0,7.7,2,7op,0.88,7.5,7.3,1
FIS FREESTYLE SKI WORLD CUP 2023,2023-02-02,DEER VALLEY (USA),Men's Moguls,Results Final 1,KINGSBURY Mikael,2484937,2,80.5,16.57,48.9,15.03,1,10op,1.05,7.1,7.3,2,7op,0.88,8.5,8.5,2
FIS FREESTYLE SKI WORLD CUP 2023,2023-02-02,DEER VALLEY (USA),Men's Moguls,Results Final 2,KINGSBURY Mikael,2484937,2,83.65,16.95,50.1,16.6,1,10op,1.05,9.0,7.8,2,7op,0.88,8.9,8.8,2
FIS FREESTYLE SKI WORLD CUP 2023,2023-02-02,DEER VALLEY (USA),Men's Moguls,Results Qualification,KINGSBURY Mikael,2484937,2,79.75,16.4,49.8,13.55,1,bF,0.88,8.0,7.8,2,7op,0.88,7.5,7.5,2
FIS FREESTYLE SKI WORLD CUP 2023,2023-02-02,DEER VALLEY (USA),Men's Moguls,Results Final 1,CAVET Benjamin,2530514,3,78.31,16.7,47.2,14.41,1,bF,0.88,7.8,7.9,2,10op,1.05,7.1,7.2,3
FIS FREESTYLE SKI WORLD CUP 2023,2023-02-02,DEER VALLEY (USA),Men's Moguls,Results Final 2,CAVET Benjamin,2530514,3,81.82,17.25,48.6,15.97,1,bF,0.88,8.1,8.3,2,10op,1.05,8.2,8.5,3
FIS FREESTYLE SKI WORLD CUP 2023,2023-02-02,DEER VALLEY (USA),Men's Moguls,Results Qualification,CAVET Benjamin,2530514,1,81.64,17.45,51.4,12.79,1,bF,0.88,8.0,8.0,2,bp,0.71,8.1,8.1,3
FIS FREESTYLE SKI WORLD CUP 2023,2023-02-02,DEER VALLEY (USA),Women's Moguls,Results Final 1,ANTHONY Jakara,2530720,2,80.29,17.53,46.6,16.16,1,7oG,1.11,7.9,7.9,2,bG,0.92,8.1,8.0,1
FIS FREESTYLE SKI WORLD CUP 2023,2023-02-02,DEER VALLEY (USA),Women's Moguls,Results Final 2,ANTHONY Jakara,2530720,1,80.15,18.12,46.4,15.63,1,7oG,1.11,7.6,7.4,2,bG,0.92,8.0,7.9,1
FIS FREESTYLE SKI WORLD CUP 2023,2023-02-02,DEER VALLEY (USA),Women's Moguls,Results Qualification,ANTHONY Jakara,2530720,1,79.13,16.69,47.0,15.44,1,7oG,1.11,7.6,7.4,2,bG,0.92,8.4,7.1,1
FIS FREESTYLE SKI WORLD CUP 2023,2023-02-02,DEER VALLEY (USA),Women's Moguls,Results Final 1,KAUF Jaelin,2529064,3,78.46,19.57,46.3,12.59,1,bG,0.92,6.6,6.7,2,bp,0.81,8.1,7.9,2
FIS FREESTYLE SKI WORLD CUP 2023,2023-02-02,DEER VALLEY (USA),Women's Moguls,Results Final 2,KAUF Jaelin,2529064,2,77.35,19.96,43.7,13.69,1,bG,0.92,7.8,7.9,2,bp,0.81,8.0,8.0,2
FIS FREESTYLE SKI WORLD CUP 2023,2023-02-02,DEER VALLEY (USA),Women's Moguls,Results Qualification,KAUF Jaelin,2529064,4,74.98,18.52,42.3,14.16,1,bG,0.92,8.0,8.7,2,bp,0.81,8.0,8.0,2
FIS FREESTYLE SKI WORLD CUP 2023,2023-02-02,DEER VALLEY (USA),Women's Moguls,Results Final 1,LAFFONT Perrine,2531156,4,77.44,17.38,47.5,12.56,1,bp,0.81,8.0,7.8,2,7op,0.98,6.3,6.3,3
FIS FREESTYLE SKI WORLD CUP 2023,2023-02-02,DEER VALLEY (USA),Women's Moguls,Results Final 2,LAFFONT Perrine,2531156,3,77.17,17.81,46.0,13.36,1,bp,0.81,7.8,7.8,2,7op,0.98,7.2,7.2,3
FIS FREESTYLE SKI WORLD CUP 2023,2023-02-02,DEER VALLEY (USA),Women's Moguls,Results Qualification,LAFFONT Perrine,2531156,2,76.35,16.84,47.3,12.21,1,bp,0.81,7.5,7.8,2,7op,0.98,6.2,6.1,3
FIS FREESTYLE SKI WORLD CUP 2023,2023-03-17,ALMATY (KAZ),Men's Moguls,Results Final 1,KOLMAKOV Pavel,2528846,2,82.24,17.06,47.8,17.38,1,10op,1.05,7.7,8.3,2,7oG,1.01,8.7,9.1,2
FIS FREESTYLE SKI WORLD CUP 2023,2023-03-17,ALMATY (KAZ),Men's Moguls,Results Final 2,KOLMAKOV Pavel,2528846,2,78.72,16.46,46.5,15.76,1,10op,1.05,7.7,8.1,2,7oG,1.01,7.0,7.8,2
FIS FREESTYLE SKI WORLD CUP 2023,2023-03-17,ALMATY (KAZ),Men's Moguls,Results Qualification,KOLMAKOV Pavel,2528846,1,79.44,15.54,46.6,17.3,1,10op,1.05,8.3,8.7,2,7oG,1.01,8.1,8.5,2
FIS FREESTYLE SKI WORLD CUP 2023,2023-03-17,ALMATY (KAZ),Men's Moguls,Results Final 1,GRAHAM Matt,2441426,5,78.47,17.64,47.0,13.83,1,10op,1.05,7.5,7.8,2,7op,0.88,6.5,6.7,3
FIS FREESTYLE SKI WORLD CUP 2023,2023-03-17,ALMATY (KAZ),Men's Moguls,Results Final 2,GRAHAM Matt,2441426,3,78.42,17.27,46.4,14.75,1,10op,1.05,7.3,7.4,2,7op,0.88,8.0,8.0,3
FIS FREESTYLE SKI WORLD CUP 2023,2023-03-17,ALMATY (KAZ),Women's Moguls,Results Final 1,LAFFONT Perrine,2531156,1,79.05,17.87,47.6,13.58,1,bp,0.81,7.2,7.1,2,7op,0.98,7.9,8.0,1
FIS FREESTYLE SKI WORLD CUP 2023,2023-03-17,ALMATY (KAZ),Women's Moguls,Results Final 2,LAFFONT Perrine,2531156,1,77.96,18.34,47.2,12.42,1,bp,0.81,7.9,7.8,2,7op,0.98,6.1,6.3,1
FIS FREESTYLE SKI WORLD CUP 2023,2023-03-17,ALMATY (KAZ),Women's Moguls,Results Final 1,KAUF Jaelin,2529064,2,78.21,19.28,46.9,12.03,1,bG,0.92,6.7,6.8,2,bp,0.81,7.2,7.2,2
FIS FREESTYLE SKI WORLD CUP 2023,2023-03-17,ALMATY (KAZ),Women's Moguls,Results Final 2,KAUF Jaelin,2529064,2,76.3,18.94,43.9,13.46,1,bG,0.92,8.2,8.3,2,7op,0.98,6.0,6.0,2
FIS FREESTYLE SKI WORLD CUP 2023,2023-03-17,ALMATY (KAZ),Women's Moguls,Results Final 1,JOHNSON Tess,2532270,5,73.93,16.63,43.3,14.0,1,7op,0.98,5.7,5.9,2,bG,0.92,9.2,8.9,3
FIS FREESTYLE SKI WORLD CUP 2023,2023-03-17,ALMATY (KAZ),Women's Moguls,Results Final 2,JOHNSON Tess,2532270,3,73.35,16.52,43.0,13.83,1,7op,0.98,6.3,5.8,2,bG,0.92,8.7,8.5,3
FIS FREESTYLE SKI WORLD CUP 2023,2023-03-17,ALMATY (KAZ),Women's Moguls,Results Qualification,JOHNSON Tess,2532270,5,68.14,15.64,38.2,14.3,1,7op,0.98,6.4,6.2,2,bG,0.92,8.9,8.8,3
FIS FREESTYLE SKI WORLD CUP 2024,2023-12-02,RUKA (FIN),Men's Moguls,Results Final 1,HORISHIMA Ikuma,2529645,3,78.59,17.0,45.4,16.19,1,bF,0.88,9.2,9.0,2,10op,1.05,7.8,7.8,1
FIS FREESTYLE SKI WORLD CUP 2024,2023-12-02,RUKA (FIN),Men's Moguls,Results Final 2,HORISHIMA Ikuma,2529645,1,82.68,17.75,47.5,17.43,1,bdF,1.05,8.4,8.4,2,10op,1.05,8.2,8.2,1
FIS FREESTYLE SKI WORLD CUP 2024,2023-12-02,RUKA (FIN),Men's Moguls,Results Qualification,HORISHIMA Ikuma,2529645,3,77.63,16.09,47.2,14.34,1,bF,0.88,8.4,8.4,2,7op,0.88,8.0,7.8,1
FIS FREESTYLE SKI WORLD CUP 2024,2023-12-02,RUKA (FIN),Men's Moguls,Results Final 1,WALLBERG Walter,2532001,1,80.52,17.83,46.0,16.69,1,bdF,1.05,8.6,8.4,2,10op,1.05,7.6,7.2,2
FIS FREESTYLE SKI WORLD CUP 2024,2023-12-02,RUKA (FIN),Men's Moguls,Results Final 2,WALLBERG Walter,2532001,2,79.88,17.98,45.0,16.9,1,bdF,1.05,8.6,8.3,2,10op,1.05,7.6,7.7,2
FIS FREESTYLE SKI WORLD CUP 2024,2023-12-02,RUKA (FIN),Men's Moguls,Results Qualification,WALLBERG Walter,2532001,1,80.27,17.7,45.4,17.17,1,bF,0.88,9.2,9.3,2,7oG,1.01,8.9,9.0,2
FIS FREESTYLE SKI WORLD CUP 2024,2023-12-02,RUKA (FIN),Men's Moguls,Results Final 1,KINGSBURY Mikael,2484937,2,80.11,17.22,47.3,15.59,1,bdF,1.05,7.8,7.7,2,10op,1.05,7.2,7.0,3
FIS FREESTYLE SKI WORLD CUP 2024,2023-12-02,RUKA (FIN),Men's Moguls,Results Final 2,KINGSBURY Mikael,2484937,3,79.08,18.45,44.1,16.53,1,bdF,1.05,8.2,8.3,2,10op,1.05,7.5,7.5,3
FIS FREESTYLE SKI WORLD CUP 2024,2023-12-02,RUKA (FIN),Men's Moguls,Results Qualification,KINGSBURY Mikael,2484937,2,79.5,17.48,47.6,14.42,1,bF,0.88,9.2,9.5,2,7op,0.88,7.1,7.0,3
FIS FREESTYLE SKI WORLD CUP 2024,2023-12-02,RUKA (FIN),Women's Moguls,Results Final 1,ANTHONY Jakara,2530720,1,83.12,19.4,46.5,17.22,1,7oG,1.11,8.0,7.8,2,bG,0.92,9.4,9.0,1
FIS FREESTYLE SKI WORLD CUP 2024,2023-12-02,RUKA (FIN),Women's Moguls,Results Final 2,ANTHONY Jakara,2530720,1,84.18,19.65,46.7,17.83,1,7oG,1.11,8.4,8.5,2,bG,0.92,9.2,9.2,1
FIS FREESTYLE SKI WORLD CUP 2024,2023-12-02,RUKA (FIN),Women's Moguls,Results Qualification,ANTHONY Jakara,2530720,1,82.73,18.16,47.7,16.87,1,7oG,1.11,7.8,7.7,2,bG,0.92,9.1,8.9,1
FIS FREESTYLE SKI WORLD CUP 2024,2023-12-02,RUKA (FIN),Women's Moguls,Results Final 1,LEMLEY Elizabeth,2537762,3,74.2,19.28,40.2,14.72,1,bp,0.81,8.4,8.6,2,7op,0.98,8.0,8.0,2
FIS FREESTYLE SKI WORLD CUP 2024,2023-12-02,RUKA (FIN),Women's Moguls,Results Final 2,LEMLEY Elizabeth,2537762,2,79.68,18.72,45.6,15.36,1,bp,0.81,8.3,8.6,2,7op,0.98,8.6,8.8,2
FIS FREESTYLE SKI WORLD CUP 2024,2023-12-02,RUKA (FIN),Women's Moguls,Results Qualification,LEMLEY Elizabeth,2537762,3,75.58,18.37,42.1,15.11,1,bp,0.81,8.2,8.2,2,7op,0.98,8.8,8.5,2
FIS FREESTYLE SKI WORLD CUP 2024,2023-12-02,RUKA (FIN),Women's Moguls,Results Final 1,GIACCIO Olivia,2532241,4,73.43,17.72,41.7,14.01,1,bF,0.98,7.0,6.5,2,7op,0.98,7.6,7.5,3
FIS FREESTYLE SKI WORLD CUP 2024,2023-12-02,RUKA (FIN),Women's Moguls,Results Final 2,GIACCIO Olivia,2532241,3,76.35,18.17,43.0,15.18,1,bF,0.98,7.5,7.2,2,7op,0.98,8.1,8.2,3
FIS FREESTYLE SKI WORLD CUP 2024,2023-12-02,RUKA (FIN),Women's Moguls,Results Qualification,GIACCIO Olivia,2532241,9,68.67,16.28,37.9,14.49,1,bF,0.98,6.7,6.3,2,7op,0.98,8.2,8.4,3
FIS FREESTYLE SKI WORLD CUP 2024,2023-12-08,IDRE FJÄLL (SWE),Men's Moguls,Results Final 1,KINGSBURY Mikael,2484937,1,82.16,15.45,50.4,16.31,1,10op,1.05,7.7,8.0,2,7oG,1.01,7.8,8.2,1
FIS FREESTYLE SKI WORLD CUP 2024,2023-12-08,IDRE FJÄLL (SWE),Men's Moguls,Results Final 2,KINGSBURY Mikael,2484937,1,85.02,16.18,51.3,17.54,1,10op,1.05,8.2,8.1,2,7oG,1.01,8.8,9.0,1
FIS FREESTYLE SKI WORLD CUP 2024,2023-12-08,IDRE FJÄLL (SWE),Men's Moguls,Results Qualification,KINGSBURY Mikael,2484937,2,78.38,15.38,47.6,15.4,1,10op,1.05,7.6,8.0,2,7op,0.88,8.4,8.0,1
FIS FREESTYLE SKI WORLD CUP 2024,2023-12-08,IDRE FJÄLL (SWE),Men's Moguls,Results Final 1,PAGE Nick,2533462,2,80.08,16.99,46.3,16.79,1,10op,1.05,8.3,8.7,2,7oG,1.01,7.6,8.0,2
FIS FREESTYLE SKI WORLD CUP 2024,2023-12-08,IDRE FJÄLL (SWE),Men's Moguls,Results Final 2,PAGE Nick,2533462,2,79.55,18.72,46.8,14.03,1,10op,1.05,6.4,6.0,2,7oG,1.01,7.4,7.5,2
FIS FREESTYLE SKI WORLD CUP 2024,2023-12-08,IDRE FJÄLL (SWE),Men's Moguls,Results Qualification,PAGE Nick,2533462,7,73.57,15.59,44.3,13.68,1,10op,1.05,6.7,6.8,2,7op,0.88,7.3,7.7,2
FIS FREESTYLE SKI WORLD CUP 2024,2023-12-08,IDRE FJÄLL (SWE),Men's Moguls,Results Final 1,GRAVENFORS Filip,2534858,3,79.31,16.79,46.2,16.32,1,10oG,1.2,7.2,6.8,2,10op,1.05,7.4,7.7,3
FIS FREESTYLE SKI WORLD CUP 2024,2023-12-08,IDRE FJÄLL (SWE),Men's Moguls,Results Final 2,GRAVENFORS Filip,2534858,3,79.53,17.41,46.7,15.42,1,10oG,1.2,7.2,7.4,2,10op,1.05,6.3,6.4,3
FIS FREESTYLE SKI WORLD CUP 2024,2023-12-08,IDRE FJÄLL (SWE),Men's Moguls,Results Qualification,GRAVENFORS Filip,2534858,5,74.86,16.58,46.1,12.18,1,10op,1.05,6.8,6.6,2,7op,0.88,5.8,5.9,3
FIS FREESTYLE SKI WORLD CUP 2024,2023-12-08,IDRE FJÄLL (SWE),Women's Moguls,Results Final 1,ANTHONY Jakara,2530720,1,83.24,16.25,49.8,17.19,1,7oG,1.11,8.5,8.4,2,bG,0.92,8.6,8.4,1
FIS FREESTYLE SKI WORLD CUP 2024,2023-12-08,IDRE FJÄLL (SWE),Women's Moguls,Results Final 2,ANTHONY Jakara,2530720,1,79.74,15.93,47.1,16.71,1,7oG,1.11,7.7,8.0,2,bG,0.92,9.1,8.3,1
FIS FREESTYLE SKI WORLD CUP 2024,2023-12-08,IDRE FJÄLL (SWE),Women's Moguls,Results Final 1,YANAGIMOTO Rino,2532040,6,73.34,15.08,46.9,11.36,1,bp,0.81,7.1,6.7,2,7op,0.98,5.9,5.9,2
FIS FREESTYLE SKI WORLD CUP 2024,2023-12-08,IDRE FJÄLL (SWE),Women's Moguls,Results Final 2,YANAGIMOTO Rino,2532040,2,72.42,16.08,43.9,12.44,1,bp,0.81,7.6,7.9,2,7op,0.98,6.2,6.4,2
FIS FREESTYLE SKI WORLD CUP 2024,2023-12-08,IDRE FJÄLL (SWE),Women's Moguls,Results Final 1,GIACCIO Olivia,2532241,3,76.31,15.35,47.5,13.46,1,bF,0.98,6.5,6.6,2,7op,0.98,7.3,7.1,3
FIS FREESTYLE SKI WORLD CUP 2024,2023-12-08,IDRE FJÄLL (SWE),Women's Moguls,Results Final 2,GIACCIO Olivia,2532241,3,72.16,16.09,42.6,13.47,1,bF,0.98,6.4,6.2,2,7op,0.98,7.5,7.4,3
FIS FREESTYLE SKI WORLD CUP 2024,2023-12-15,ALPE D'HUEZ (FRA),Men's Moguls,Results Final 1,KINGSBURY Mikael,2484937,1,81.37,16.53,48.9,15.94,1,10op,1.05,7.1,7.4,2,7oG,1.01,8.3,8.2,1
FIS FREESTYLE SKI WORLD CUP 2024,2023-12-15,ALPE D'HUEZ (FRA),Men's Moguls,Results Final 2,KINGSBURY Mikael,2484937,1,86.55,16.85,52.9,16.8,1,10op,1.05,7.5,7.5,2,7oG,1.01,8.8,8.9,1
FIS FREESTYLE SKI WORLD CUP 2024,2023-12-15,ALPE D'HUEZ (FRA),Men's Moguls,Results Final 1,VAILLANCOURT Elliot,2532513,4,77.11,17.51,44.8,14.8,1,7oG,1.01,7.4,7.9,2,7op,0.88,8.1,8.0,2
FIS FREESTYLE SKI WORLD CUP 2024,2023-12-15,ALPE D'HUEZ (FRA),Men's Moguls,Results Final 2,VAILLANCOURT Elliot,2532513,2,77.44,17.24,45.1,15.1,1,7oG,1.01,8.2,8.3,2,7op,0.88,7.7,7.7,2
FIS FREESTYLE SKI WORLD CUP 2024,2023-12-15,ALPE D'HUEZ (FRA),Men's Moguls,Results Final 1,HORISHIMA Ikuma,2529645,2,80.0,17.72,49.4,12.88,1,bF,0.88,8.2,8.1,2,10op,1.05,5.4,5.5,3
FIS FREESTYLE SKI WORLD CUP 2024,2023-12-15,ALPE D'HUEZ (FRA),Men's Moguls,Results Final 2,HORISHIMA Ikuma,2529645,3,77.23,17.93,45.6,13.7,1,bdF,1.05,6.0,6.0,2,10op,1.05,7.0,7.1,3
FIS FREESTYLE SKI WORLD CUP 2024,2023-12-15,ALPE D'HUEZ (FRA),Women's Moguls,Results Final 1,ANTHONY Jakara,2530720,1,80.42,18.4,47.5,14.52,1,7oG,1.11,7.1,7.1,2,bp,0.81,8.2,8.2,1
FIS FREESTYLE SKI WORLD CUP 2024,2023-12-15,ALPE D'HUEZ (FRA),Women's Moguls,Results Final 2,ANTHONY Jakara,2530720,1,79.98,18.54,46.7,14.74,1,7oG,1.11,8.3,8.2,2,bp,0.81,7.1,6.7,1
FIS FREESTYLE SKI WORLD CUP 2024,2023-12-15,ALPE D'HUEZ (FRA),Women's Moguls,Results Qualification,ANTHONY Jakara,2530720,1,80.84,17.8,47.2,15.84,1,7oG,1.11,8.0,7.8,2,bG,0.92,7.8,7.6,1
FIS FREESTYLE SKI WORLD CUP 2024,2023-12-15,ALPE D'HUEZ (FRA),Women's Moguls,Results Final 1,KAUF Jaelin,2529064,2,79.45,19.18,47.4,12.87,1,bG,0.92,8.0,8.1,2,bp,0.81,6.5,7.0,2
FIS FREESTYLE SKI WORLD CUP 2024,2023-12-15,ALPE D'HUEZ (FRA),Women's Moguls,Results Final 2,KAUF Jaelin,2529064,2,75.64,19.56,44.7,11.38,1,bG,0.92,7.7,7.9,2,7op,0.98,4.2,4.4,2
FIS FREESTYLE SKI WORLD CUP 2024,2023-12-15,ALPE D'HUEZ (FRA),Women's Moguls,Results Qualification,KAUF Jaelin,2529064,3,72.38,17.91,45.5,8.97,1,bG,0.92,4.9,4.5,2,bp,0.81,5.6,5.9,2
FIS FREESTYLE SKI WORLD CUP 2024,2023-12-15,ALPE D'HUEZ (FRA),Women's Moguls,Results Final 1,GIACCIO Olivia,2532241,6,74.52,17.74,44.4,12.38,1,bF,0.98,6.3,6.6,2,7op,0.98,6.1,6.3,3
FIS FREESTYLE SKI WORLD CUP 2024,2023-12-15,ALPE D'HUEZ (FRA),Women's Moguls,Results Final 2,GIACCIO Olivia,2532241,3,74.82,17.38,45.1,12.34,1,bF,0.98,7.0,7.0,2,7op,0.98,5.4,5.8,3
FIS FREESTYLE SKI WORLD CUP 2024,2023-12-15,ALPE D'HUEZ (FRA),Women's Moguls,Results Qualification,GIACCIO Olivia,2532241,6,69.27,15.31,42.5,11.46,1,bF,0.98,6.5,6.8,2,7op,0.98,5.0,5.1,3
FIS FREESTYLE SKI WORLD CUP 2024,2023-12-22,BAKURIANI (GEO),Men's Moguls,Results Final 1,HORISHIMA Ikuma,2529645,2,76.98,14.44,46.6,15.94,1,bF,0.88,8.4,8.4,2,10op,1.05,8.2,8.1,1
FIS FREESTYLE SKI WORLD CUP 2024,2023-12-22,BAKURIANI (GEO),Men's Moguls,Results Final 2,HORISHIMA Ikuma,2529645,1,77.11,15.08,47.5,14.53,1,bdF,1.05,6.3,6.5,2,10op,1.05,7.4,7.5,1
FIS FREESTYLE SKI WORLD CUP 2024,2023-12-22,BAKURIANI (GEO),Men's Moguls,Results Qualification,HORISHIMA Ikuma,2529645,2,76.43,13.68,48.2,14.55,1,bF,0.88,8.5,8.4,2,7op,0.88,8.1,8.1,1
FIS FREESTYLE SKI WORLD CUP 2024,2023-12-22,BAKURIANI (GEO),Men's Moguls,Results Final 1,GRAVENFORS Filip,2534858,3,73.72,15.51,44.6,13.61,1,bF,0.88,6.8,7.1,2,10op,1.05,7.1,7.2,2
FIS FREESTYLE SKI WORLD CUP 2024,2023-12-22,BAKURIANI (GEO),Men's Moguls,Results Final 2,GRAVENFORS Filip,2534858,2,75.85,15.11,46.7,14.04,1,bF,0.88,8.5,8.5,2,10op,1.05,6.2,6.3,2
FIS FREESTYLE SKI WORLD CUP 2024,2023-12-22,BAKURIANI (GEO),Men's Moguls,Results Qualification,GRAVENFORS Filip,2534858,9,70.01,14.56,42.8,12.65,1,10op,1.05,6.7,6.6,2,7op,0.88,6.3,6.6,2
FIS FREESTYLE SKI WORLD CUP 2024,2023-12-22,BAKURIANI (GEO),Men's Moguls,Results Final 1,KINGSBURY Mikael,2484937,1,79.44,15.01,47.6,16.83,1,bF,0.88,9.3,9.4,2,10op,1.05,8.3,8.1,3
FIS FREESTYLE SKI WORLD CUP 2024,2023-12-22,BAKURIANI (GEO),Men's Moguls,Results Final 2,KINGSBURY Mikael,2484937,3,75.21,15.13,46.3,13.78,1,bF,0.88,8.5,8.5,2,10op,1.05,6.0,6.0,3
FIS FREESTYLE SKI WORLD CUP 2024,2023-12-22,BAKURIANI (GEO),Men's Moguls,Results Qualification,KINGSBURY Mikael,2484937,1,81.7,15.63,50.9,15.17,1,bF,0.88,9.0,9.2,2,7op,0.88,8.1,8.2,3
FIS FREESTYLE SKI WORLD CUP 2024,2023-12-22,BAKURIANI (GEO),Women's Moguls,Results Final 1,ANTHONY Jakara,2530720,1,75.48,16.53,44.5,14.45,1,7oG,1.11,7.0,7.3,2,bp,0.81,8.1,8.0,1
FIS FREESTYLE SKI WORLD CUP 2024,2023-12-22,BAKURIANI (GEO),Women's Moguls,Results Final 2,ANTHONY Jakara,2530720,1,79.08,16.53,46.5,16.05,1,7oG,1.11,8.0,8.1,2,bp,0.81,8.9,8.7,1
FIS FREESTYLE SKI WORLD CUP 2024,2023-12-22,BAKURIANI (GEO),Women's Moguls,Results Qualification,ANTHONY Jakara,2530720,1,77.15,15.77,46.1,15.28,1,7oG,1.11,7.5,7.8,2,bp,0.81,8.5,8.3,1
FIS FREESTYLE SKI WORLD CUP 2024,2023-12-22,BAKURIANI (GEO),Women's Moguls,Results Final 1,YANAGIMOTO Rino,2532040,3,74.19,15.43,44.1,14.66,1,7oG,1.11,7.8,7.7,2,7op,0.98,6.1,6.3,2
FIS FREESTYLE SKI WORLD CUP 2024,2023-12-22,BAKURIANI (GEO),Women's Moguls,Results Final 2,YANAGIMOTO Rino,2532040,2,77.1,15.64,44.5,16.96,1,7oG,1.11,8.5,8.4,2,7op,0.98,7.7,7.8,2
FIS FREESTYLE SKI WORLD CUP 2024,2023-12-22,BAKURIANI (GEO),Women's Moguls,Results Qualification,YANAGIMOTO Rino,2532040,3,71.17,14.06,43.0,14.11,1,bp,0.81,8.4,8.2,2,7op,0.98,7.5,7.6,2
FIS FREESTYLE SKI WORLD CUP 2024,2023-12-22,BAKURIANI (GEO),Women's Moguls,Results Final 1,SOAR Hannah,2531373,6,70.16,15.07,42.4,12.69,1,bp,0.81,6.9,7.2,2,bG,0.92,7.6,7.6,3
FIS FREESTYLE SKI WORLD CUP 2024,2023-12-22,BAKURIANI (GEO),Women's Moguls,Results Final 2,SOAR Hannah,2531373,3,71.18,14.96,43.3,12.92,1,bp,0.81,7.4,7.6,2,bG,0.92,7.5,7.4,3
FIS FREESTYLE SKI WORLD CUP 2024,2023-12-22,BAKURIANI (GEO),Women's Moguls,Results Qualification,SOAR Hannah,2531373,6,65.4,12.99,41.8,10.61,1,bp,0.81,6.7,6.7,2,bG,0.92,5.6,5.7,3
FIS FREESTYLE SKI WORLD CUP 2024,2024-01-19,VAL ST. COME (CAN),Men's Moguls,Results Final 1,WALLBERG Walter,2532001,1,83.67,18.23,49.6,15.84,1,bF,0.88,8.3,8.5,2,10op,1.05,8.1,8.0,1
FIS FREESTYLE SKI WORLD CUP 2024,2024-01-19,VAL ST. COME (CAN),Men's Moguls,Results Final 2,WALLBERG Walter,2532001,1,84.92,18.23,51.4,15.29,1,bF,0.88,8.2,8.2,2,10op,1.05,7.7,7.7,1
FIS FREESTYLE SKI WORLD CUP 2024,2024-01-19,VAL ST. COME (CAN),Men's Moguls,Results Qualification,WALLBERG Walter,2532001,6,73.98,17.81,46.0,10.17,1,bF,0.88,5.4,5.0,2,7oG,1.01,5.6,5.5,1
FIS FREESTYLE SKI WORLD CUP 2024,2024-01-19,VAL ST. COME (CAN),Men's Moguls,Results Final 1,VAILLANCOURT Elliot,2532513,2,82.13,17.09,47.9,17.14,1,10op,1.05,8.2,8.2,2,7oG,1.01,8.4,8.5,2
FIS FREESTYLE SKI WORLD CUP 2024,2024-01-19,VAL ST. COME (CAN),Men's Moguls,Results Final 2,VAILLANCOURT Elliot,2532513,2,82.37,17.7,49.1,15.57,1,10op,1.05,8.2,8.1,2,7oG,1.01,7.0,6.9,2
FIS FREESTYLE SKI WORLD CUP 2024,2024-01-19,VAL ST. COME (CAN),Men's Moguls,Results Qualification,VAILLANCOURT Elliot,2532513,15,71.2,16.97,40.3,13.93,1,10op,1.05,6.2,6.5,2,7oG,1.01,7.4,7.0,2
FIS FREESTYLE SKI WORLD CUP 2024,2024-01-19,VAL ST. COME (CAN),Men's Moguls,Results Final 1,GRAVENFORS Filip,2534858,3,80.65,17.39,47.4,15.86,1,10op,1.05,8.2,8.2,2,7op,0.88,8.4,8.1,3
FIS FREESTYLE SKI WORLD CUP 2024,2024-01-19,VAL ST. COME (CAN),Men's Moguls,Results Final 2,GRAVENFORS Filip,2534858,3,77.7,18.06,47.1,12.54,1,10op,1.05,8.4,8.2,2,7oG,1.01,3.8,3.8,3
FIS FREESTYLE SKI WORLD CUP 2024,2024-01-19,VAL ST. COME (CAN),Men's Moguls,Results Qualification,GRAVENFORS Filip,2534858,3,75.95,16.72,46.3,12.93,1,bF,0.88,6.5,6.8,2,7op,0.88,8.0,8.1,3
FIS FREESTYLE SKI WORLD CUP 2024,2024-01-19,VAL ST. COME (CAN),Women's Moguls,Results Final 1,ANTHONY Jakara,2530720,1,81.18,17.97,47.4,15.81,1,7oG,1.11,7.2,7.3,2,bG,0.92,8.4,8.5,1
FIS FREESTYLE SKI WORLD CUP 2024,2024-01-19,VAL ST. COME (CAN),Women's Moguls,Results Final 2,ANTHONY Jakara,2530720,1,82.01,17.7,47.8,16.51,1,7oG,1.11,7.8,7.8,2,bG,0.92,8.4,8.7,1
FIS FREESTYLE SKI WORLD CUP 2024,2024-01-19,VAL ST. COME (CAN),Women's Moguls,Results Qualification,ANTHONY Jakara,2530720,1,81.48,18.45,47.4,15.63,1,7oG,1.11,7.8,7.7,2,bG,0.92,7.5,7.8,1
FIS FREESTYLE SKI WORLD CUP 2024,2024-01-19,VAL ST. COME (CAN),Women's Moguls,Results Final 1,KAUF Jaelin,2529064,5,71.78,18.82,41.1,11.86,1,bG,0.92,8.0,8.1,2,7op,0.98,4.4,4.7,2
FIS FREESTYLE SKI WORLD CUP 2024,2024-01-19,VAL ST. COME (CAN),Women's Moguls,Results Final 2,KAUF Jaelin,2529064,2,74.87,18.82,44.0,12.05,1,bG,0.92,5.7,5.5,2,7op,0.98,7.2,6.9,2
FIS FREESTYLE SKI WORLD CUP 2024,2024-01-19,VAL ST. COME (CAN),Women's Moguls,Results Qualification,KAUF Jaelin,2529064,5,71.62,17.59,42.5,11.53,1,bG,0.92,7.3,7.5,2,bp,0.81,5.8,5.9,2
FIS FREESTYLE SKI WORLD CUP 2024,2024-01-19,VAL ST. COME (CAN),Women's Moguls,Results Final 1,TOMITAKA Hinako,2532031,3,73.77,16.26,44.9,12.61,1,bG,0.92,6.1,6.1,2,7op,0.98,7.1,7.2,3
FIS FREESTYLE SKI WORLD CUP 2024,2024-01-19,VAL ST. COME (CAN),Women's Moguls,Results Final 2,TOMITAKA Hinako,2532031,3,74.19,16.69,45.3,12.2,1,bG,0.92,7.2,7.1,2,7op,0.98,5.7,5.8,3
FIS FREESTYLE SKI WORLD CUP 2024,2024-01-19,VAL ST. COME (CAN),Women's Moguls,Results Qualification,TOMITAKA Hinako,2532031,7,69.83,15.83,42.0,12.0,1,bG,0.92,6.1,6.2,2,bp,0.81,7.8,7.9,3
FIS FREESTYLE SKI WORLD CUP 2024,2024-01-26,WATERVILLE (USA),Men's Moguls,Results Final 1,HORISHIMA Ikuma,2529645,2,83.0,17.03,49.2,16.77,1,bF,0.88,9.5,9.3,2,10op,1.05,8.2,8.0,1
FIS FREESTYLE SKI WORLD CUP 2024,2024-01-26,WATERVILLE (USA),Men's Moguls,Results Final 2,HORISHIMA Ikuma,2529645,1,85.84,17.28,50.3,18.26,1,bdF,1.05,9.0,9.1,2,10op,1.05,8.3,8.4,1
FIS FREESTYLE SKI WORLD CUP 2024,2024-01-26,WATERVILLE (USA),Men's Moguls,Results Qualification,HORISHIMA Ikuma,2529645,1,79.71,17.28,48.1,14.33,1,bF,0.88,8.3,8.1,2,7op,0.88,8.2,8.0,1
FIS FREESTYLE SKI WORLD CUP 2024,2024-01-26,WATERVILLE (USA),Men's Moguls,Results Final 1,WOODS Cooper,2532161,3,77.63,16.34,46.0,15.29,1,bdF,1.05,7.9,8.5,2,7op,0.88,7.8,7.4,2
FIS FREESTYLE SKI WORLD CUP 2024,2024-01-26,WATERVILLE (USA),Men's Moguls,Results Final 2,WOODS Cooper,2532161,2,81.04,17.66,47.6,15.78,1,bdF,1.05,7.9,8.1,2,7op,0.88,8.7,8.1,2
FIS FREESTYLE SKI WORLD CUP 2024,2024-01-26,WATERVILLE (USA),Men's Moguls,Results Qualification,WOODS Cooper,2532161,4,78.04,14.5,48.1,15.44,1,bF,0.88,9.0,9.7,2,7op,0.88,8.0,8.4,2
FIS FREESTYLE SKI WORLD CUP 2024,2024-01-26,WATERVILLE (USA),Men's Moguls,Results Final 1,KINGSBURY Mikael,2484937,1,84.19,16.83,49.1,18.26,1,bdF,1.05,9.3,9.2,2,10op,1.05,8.3,8.0,3
FIS FREESTYLE SKI WORLD CUP 2024,2024-01-26,WATERVILLE (USA),Men's Moguls,Results Final 2,KINGSBURY Mikael,2484937,3,80.07,17.07,45.0,18.0,1,bdF,1.05,8.2,8.3,2,10op,1.05,9.2,8.6,3
FIS FREESTYLE SKI WORLD CUP 2024,2024-01-26,WATERVILLE (USA),Men's Moguls,Results Qualification,KINGSBURY Mikael,2484937,2,79.51,15.57,48.5,15.44,1,bF,0.88,9.5,9.4,2,7op,0.88,8.2,8.0,3
FIS FREESTYLE SKI WORLD CUP 2024,2024-01-26,WATERVILLE (USA),Women's Moguls,Results Final 1,ANTHONY Jakara,2530720,1,81.4,17.96,47.0,16.44,1,7oG,1.11,8.5,8.3,2,bp,0.81,9.0,8.6,1
FIS FREESTYLE SKI WORLD CUP 2024,2024-01-26,WATERVILLE (USA),Women's Moguls,Results Final 2,ANTHONY Jakara,2530720,1,81.22,18.02,47.6,15.6,1,7oG,1.11,8.3,7.8,2,bp,0.81,8.6,7.9,1
FIS FREESTYLE SKI WORLD CUP 2024,2024-01-26,WATERVILLE (USA),Women's Moguls,Results Qualification,ANTHONY Jakara,2530720,1,71.87,15.92,40.9,15.05,1,7oG,1.11,8.1,7.8,2,bp,0.81,7.8,7.6,1
FIS FREESTYLE SKI WORLD CUP 2024,2024-01-26,WATERVILLE (USA),Women's Moguls,Results Final 1,KAUF Jaelin,2529064,3,72.32,19.16,40.7,12.46,1,7op,0.98,6.8,7.4,2,bp,0.81,6.1,7.5,2
FIS FREESTYLE SKI WORLD CUP 2024,2024-01-26,WATERVILLE (USA),Women's Moguls,Results Final 2,KAUF Jaelin,2529064,2,71.71,19.07,40.6,12.04,1,7op,0.98,6.8,7.7,2,bp,0.81,5.2,7.0,2
FIS FREESTYLE SKI WORLD CUP 2024,2024-01-26,WATERVILLE (USA),Women's Moguls,Results Qualification,KAUF Jaelin,2529064,3,68.81,16.47,41.1,11.24,1,bG,0.92,6.8,7.8,2,bp,0.81,5.4,5.8,2
FIS FREESTYLE SKI WORLD CUP 2024,2024-01-26,WATERVILLE (USA),Women's Moguls,Results Final 1,SOAR Hannah,2531373,4,71.88,16.97,44.6,10.31,1,bp,0.81,6.1,7.8,2,bG,0.92,5.1,5.1,3
FIS FREESTYLE SKI WORLD CUP 2024,2024-01-26,WATERVILLE (USA),Women's Moguls,Results Final 2,SOAR Hannah,2531373,3,67.93,15.35,43.1,9.48,1,bp,0.81,5.7,5.7,2,bG,0.92,5.1,5.5,3
FIS FREESTYLE SKI WORLD CUP 2024,2024-01-26,WATERVILLE (USA),Women's Moguls,Results Qualification,SOAR Hannah,2531373,10,61.76,16.7,36.4,8.66,1,bp,0.81,4.7,4.8,2,bG,0.92,5.2,5.3,3
FIS FREESTYLE SKI WORLD CUP 2024,2024-02-01,DEER VALLEY (USA),Men's Moguls,Results Final 1,KINGSBURY Mikael,2484937,1,82.09,16.6,49.5,15.99,1,bF,0.88,9.2,8.9,2,10op,1.05,7.5,7.8,1
FIS FREESTYLE SKI WORLD CUP 2024,2024-02-01,DEER VALLEY (USA),Men's Moguls,Results Final 2,KINGSBURY Mikael,2484937,1,82.17,16.86,49.3,16.01,1,bF,0.88,8.8,9.0,2,10op,1.05,8.1,7.5,1
FIS FREESTYLE SKI WORLD CUP 2024,2024-02-01,DEER VALLEY (USA),Men's Moguls,Results Qualification,KINGSBURY Mikael,2484937,2,78.08,15.49,48.3,14.29,1,bF,0.88,8.1,8.2,2,7op,0.88,8.0,8.2,1
FIS FREESTYLE SKI WORLD CUP 2024,2024-02-01,DEER VALLEY (USA),Men's Moguls,Results Final 1,HORISHIMA Ikuma,2529645,4,76.71,16.98,45.6,14.13,1,bF,0.88,8.5,8.0,2,10op,1.05,7.1,6.0,2
FIS FREESTYLE SKI WORLD CUP 2024,2024-02-01,DEER VALLEY (USA),Men's Moguls,Results Final 2,HORISHIMA Ikuma,2529645,2,79.15,17.34,47.8,14.01,1,bdF,1.05,6.6,5.4,2,10op,1.05,7.7,7.0,2
FIS FREESTYLE SKI WORLD CUP 2024,2024-02-01,DEER VALLEY (USA),Men's Moguls,Results Qualification,HORISHIMA Ikuma,2529645,6,76.67,15.87,47.3,13.5,1,bF,0.88,8.1,7.2,2,7op,0.88,8.4,7.0,2
FIS FREESTYLE SKI WORLD CUP 2024,2024-02-01,DEER VALLEY (USA),Men's Moguls,Results Final 1,GRAVENFORS Filip,2534858,2,79.84,17.6,46.7,15.54,1,10op,1.05,8.1,8.2,2,7op,0.88,7.7,8.2,3
FIS FREESTYLE SKI WORLD CUP 2024,2024-02-01,DEER VALLEY (USA),Men's Moguls,Results Final 2,GRAVENFORS Filip,2534858,3,78.8,17.41,46.2,15.19,1,10op,1.05,7.2,8.0,2,7op,0.88,8.2,8.2,3
FIS FREESTYLE SKI WORLD CUP 2024,2024-02-01,DEER VALLEY (USA),Men's Moguls,Results Qualification,GRAVENFORS Filip,2534858,1,79.11,16.29,47.8,15.02,1,10op,1.05,7.8,7.5,2,7op,0.88,8.1,7.8,3
FIS FREESTYLE SKI WORLD CUP 2024,2024-02-01,DEER VALLEY (USA),Women's Moguls,Results Final 1,GIACCIO Olivia,2532241,1,70.79,16.51,43.4,10.88,1,bF,0.98,4.1,4.4,2,10op,1.15,6.3,5.4,1
FIS FREESTYLE SKI WORLD CUP 2024,2024-02-01,DEER VALLEY (USA),Women's Moguls,Results Final 2,GIACCIO Olivia,2532241,1,75.42,15.96,44.8,14.66,1,bF,0.98,7.2,6.9,2,10op,1.15,7.0,6.5,1
FIS FREESTYLE SKI WORLD CUP 2024,2024-02-01,DEER VALLEY (USA),Women's Moguls,Results Qualification,GIACCIO Olivia,2532241,2,70.78,14.5,43.2,13.08,1,bF,0.98,7.0,6.8,2,7op,0.98,6.5,6.4,1
FIS FREESTYLE SKI WORLD CUP 2024,2024-02-01,DEER VALLEY (USA),Women's Moguls,Results Final 1,KAUF Jaelin,2529064,2,69.05,17.96,41.3,9.79,1,bG,0.92,7.1,6.1,2,7op,0.98,4.0,3.6,2
FIS FREESTYLE SKI WORLD CUP 2024,2024-02-01,DEER VALLEY (USA),Women's Moguls,Results Final 2,KAUF Jaelin,2529064,2,70.87,18.41,40.4,12.06,1,bG,0.92,7.7,6.3,2,7op,0.98,6.2,5.3,2
FIS FREESTYLE SKI WORLD CUP 2024,2024-02-01,DEER VALLEY (USA),Women's Moguls,Results Qualification,KAUF Jaelin,2529064,3,68.35,15.51,43.6,9.24,1,bG,0.92,4.0,4.3,2,bp,0.81,7.4,6.0,2
FIS FREESTYLE SKI WORLD CUP 2024,2024-02-01,DEER VALLEY (USA),Women's Moguls,Results Final 1,TOMITAKA Hinako,2532031,4,68.33,14.94,41.9,11.49,1,bG,0.92,7.0,6.7,2,7op,0.98,5.8,4.8,3
FIS FREESTYLE SKI WORLD CUP 2024,2024-02-01,DEER VALLEY (USA),Women's Moguls,Results Final 2,TOMITAKA Hinako,2532031,3,67.33,14.51,40.4,12.42,1,bG,0.92,6.8,7.0,2,7op,0.98,6.5,5.9,3
FIS FREESTYLE SKI WORLD CUP 2024,2024-02-01,DEER VALLEY (USA),Women's Moguls,Results Qualification,TOMITAKA Hinako,2532031,7,63.5,12.89,39.9,10.71,1,bG,0.92,5.0,6.5,2,bp,0.81,6.5,6.9,3
FIS FREESTYLE SKI WORLD CUP 2025,2024-11-30,RUKA (FIN),Men's Moguls,Results Final 1,KINGSBURY Mikael,2484937,1,85.07,15.48,51.9,17.69,1,bdF,1.05,8.3,8.8,2,10op,1.05,8.2,8.4,1
FIS FREESTYLE SKI WORLD CUP 2025,2024-11-30,RUKA (FIN),Men's Moguls,Results Final 2,KINGSBURY Mikael,2484937,1,83.9,15.79,51.0,17.11,1,bdF,1.05,8.6,8.8,2,10op,1.05,7.6,7.6,1
FIS FREESTYLE SKI WORLD CUP 2025,2024-11-30,RUKA (FIN),Men's Moguls,Results Qualification,KINGSBURY Mikael,2484937,1,82.12,15.43,51.3,15.39,1,bF,0.88,8.6,9.0,2,7op,0.88,8.5,8.9,1
FIS FREESTYLE SKI WORLD CUP 2025,2024-11-30,RUKA (FIN),Men's Moguls,Results Final 1,WALLBERG Walter,2532001,2,79.11,16.42,46.0,16.69,1,bdF,1.05,8.0,8.1,2,10op,1.05,7.7,8.0,2
FIS FREESTYLE SKI WORLD CUP 2025,2024-11-30,RUKA (FIN),Men's Moguls,Results Final 2,WALLBERG Walter,2532001,2,81.14,16.47,48.3,16.37,1,bdF,1.05,7.8,7.7,2,10op,1.05,8.0,7.7,2
FIS FREESTYLE SKI WORLD CUP 2025,2024-11-30,RUKA (FIN),Men's Moguls,Results Qualification,WALLBERG Walter,2532001,8,74.89,14.9,45.9,14.09,1,bF,0.88,6.8,7.0,2,7oG,1.01,7.9,8.0,2
FIS FREESTYLE SKI WORLD CUP 2025,2024-11-30,RUKA (FIN),Men's Moguls,Results Final 1,HORISHIMA Ikuma,2529645,6,75.76,13.7,47.3,14.76,1,bF,0.88,8.5,8.6,2,10op,1.05,6.9,6.9,3
FIS FREESTYLE SKI WORLD CUP 2025,2024-11-30,RUKA (FIN),Men's Moguls,Results Final 2,HORISHIMA Ikuma,2529645,3,80.51,14.02,48.4,18.09,1,bdF,1.05,8.0,8.0,2,14op,1.22,7.9,8.0,3
FIS FREESTYLE SKI WORLD CUP 2025,2024-11-30,RUKA (FIN),Men's Moguls,Results Qualification,HORISHIMA Ikuma,2529645,2,77.93,13.28,50.1,14.55,1,bF,0.88,8.6,8.0,2,7op,0.88,8.3,8.2,3
FIS FREESTYLE SKI WORLD CUP 2025,2024-11-30,RUKA (FIN),Women's Moguls,Results Final 1,LAFFONT Perrine,2531156,1,79.42,15.9,47.8,15.72,1,7oG,1.11,8.0,7.9,2,bG,0.92,7.5,7.5,1
FIS FREESTYLE SKI WORLD CUP 2025,2024-11-30,RUKA (FIN),Women's Moguls,Results Final 2,LAFFONT Perrine,2531156,1,81.13,16.06,49.0,16.07,1,7oG,1.11,8.2,8.0,2,bG,0.92,7.7,7.7,1
FIS FREESTYLE SKI WORLD CUP 2025,2024-11-30,RUKA (FIN),Women's Moguls,Results Qualification,LAFFONT Perrine,2531156,2,76.42,15.05,45.6,15.77,1,7oG,1.11,8.0,7.0,2,bG,0.92,8.2,8.0,1
FIS FREESTYLE SKI WORLD CUP 2025,2024-11-30,RUKA (FIN),Women's Moguls,Results Final 1,ANTHONY Jakara,2530720,2,77.51,15.93,46.8,14.78,1,7oG,1.11,8.1,8.4,2,bp,0.81,6.9,7.0,2
FIS FREESTYLE SKI WORLD CUP 2025,2024-11-30,RUKA (FIN),Women's Moguls,Results Final 2,ANTHONY Jakara,2530720,2,80.0,15.71,47.3,16.99,1,7oG,1.11,8.1,8.1,2,bG,0.92,8.5,8.9,2
FIS FREESTYLE SKI WORLD CUP 2025,2024-11-30,RUKA (FIN),Women's Moguls,Results Qualification,ANTHONY Jakara,2530720,1,77.67,14.61,47.3,15.76,1,7oG,1.11,8.0,8.0,2,bp,0.81,8.4,8.6,2
FIS FREESTYLE SKI WORLD CUP 2025,2024-11-30,RUKA (FIN),Women's Moguls,Results Final 1,GIACCIO Olivia,2532241,3,75.01,14.73,44.1,16.18,1,7oG,1.11,7.8,7.6,2,7op,0.98,7.6,8.0,3
FIS FREESTYLE SKI WORLD CUP 2025,2024-11-30,RUKA (FIN),Women's Moguls,Results Final 2,GIACCIO Olivia,2532241,3,76.95,14.13,46.8,16.02,1,7oG,1.11,7.7,6.8,2,7op,0.98,8.0,8.3,3
FIS FREESTYLE SKI WORLD CUP 2025,2024-11-30,RUKA (FIN),Women's Moguls,Results Qualification,GIACCIO Olivia,2532241,4,73.34,12.04,45.0,16.3,1,7oG,1.11,8.0,7.7,2,7op,0.98,7.7,7.8,3
FIS FREESTYLE SKI WORLD CUP 2025,2024-12-06,IDRE FJÄLL (SWE),Men's Moguls,Results Final 1,KINGSBURY Mikael,2484937,3,83.47,16.7,49.5,17.27,1,bdF,1.05,8.2,7.8,2,10op,1.05,8.4,8.5,1
FIS FREESTYLE SKI WORLD CUP 2025,2024-12-06,IDRE FJÄLL (SWE),Men's Moguls,Results Final 2,KINGSBURY Mikael,2484937,1,87.92,17.71,51.0,19.21,1,bdF,1.05,9.3,9.0,2,10op,1.05,9.2,9.1,1
FIS FREESTYLE SKI WORLD CUP 2025,2024-12-06,IDRE FJÄLL (SWE),Men's Moguls,Results Qualification,KINGSBURY Mikael,2484937,1,81.55,16.51,49.7,15.34,1,bF,0.88,8.3,8.4,2,7op,0.88,9.1,9.1,1
FIS FREESTYLE SKI WORLD CUP 2025,2024-12-06,IDRE FJÄLL (SWE),Men's Moguls,Results Final 1,HORISHIMA Ikuma,2529645,5,80.22,15.58,49.6,15.04,1,bF,0.88,8.2,8.1,2,10op,1.05,7.0,8.0,2
FIS FREESTYLE SKI WORLD CUP 2025,2024-12-06,IDRE FJÄLL (SWE),Men's Moguls,Results Final 2,HORISHIMA Ikuma,2529645,2,85.89,16.78,51.0,18.11,1,bdF,1.05,8.2,8.3,2,14op,1.22,7.8,7.7,2
FIS FREESTYLE SKI WORLD CUP 2025,2024-12-06,IDRE FJÄLL (SWE),Men's Moguls,Results Qualification,HORISHIMA Ikuma,2529645,9,74.57,15.55,44.9,14.12,1,bF,0.88,7.2,7.0,2,10op,1.05,7.6,7.4,2
FIS FREESTYLE SKI WORLD CUP 2025,2024-12-06,IDRE FJÄLL (SWE),Men's Moguls,Results Final 1,WALLBERG Walter,2532001,2,84.53,17.53,49.0,18.0,1,bdF,1.05,8.3,8.1,2,10op,1.05,8.9,9.0,3
FIS FREESTYLE SKI WORLD CUP 2025,2024-12-06,IDRE FJÄLL (SWE),Men's Moguls,Results Final 2,WALLBERG Walter,2532001,3,85.63,18.01,49.1,18.52,1,bdF,1.05,8.9,8.9,2,7oG,1.01,8.9,9.3,3
FIS FREESTYLE SKI WORLD CUP 2025,2024-12-06,IDRE FJÄLL (SWE),Men's Moguls,Results Qualification,WALLBERG Walter,2532001,2,81.35,17.03,48.0,16.32,1,bF,0.88,8.0,8.1,2,7oG,1.01,9.1,9.2,3
FIS FREESTYLE SKI WORLD CUP 2025,2024-12-06,IDRE FJÄLL (SWE),Women's Moguls,Results Final 1,ANTHONY Jakara,2530720,1,80.36,16.98,46.9,16.48,1,7oG,1.11,8.2,8.3,2,bp,0.81,8.9,9.2,1
FIS FREESTYLE SKI WORLD CUP 2025,2024-12-06,IDRE FJÄLL (SWE),Women's Moguls,Results Final 2,ANTHONY Jakara,2530720,1,82.94,17.56,48.2,17.18,1,7oG,1.11,8.5,8.9,2,bp,0.81,9.3,9.3,1
FIS FREESTYLE SKI WORLD CUP 2025,2024-12-06,IDRE FJÄLL (SWE),Women's Moguls,Results Qualification,ANTHONY Jakara,2530720,2,77.39,15.44,45.3,16.65,1,7oG,1.11,8.4,9.0,2,bp,0.81,8.6,8.7,1
FIS FREESTYLE SKI WORLD CUP 2025,2024-12-06,IDRE FJÄLL (SWE),Women's Moguls,Results Final 1,LAFFONT Perrine,2531156,2,80.2,16.43,46.3,17.47,1,7oG,1.11,8.3,8.2,2,bG,0.92,9.2,8.9,2
FIS FREESTYLE SKI WORLD CUP 2025,2024-12-06,IDRE FJÄLL (SWE),Women's Moguls,Results Final 2,LAFFONT Perrine,2531156,2,80.89,16.89,46.2,17.8,1,7oG,1.11,8.5,8.5,2,bG,0.92,9.2,9.0,2
FIS FREESTYLE SKI WORLD CUP 2025,2024-12-06,IDRE FJÄLL (SWE),Women's Moguls,Results Qualification,LAFFONT Perrine,2531156,1,78.43,16.47,45.6,16.36,1,7oG,1.11,8.3,8.1,2,bG,0.92,8.0,7.8,2
FIS FREESTYLE SKI WORLD CUP 2025,2024-12-06,IDRE FJÄLL (SWE),Women's Moguls,Results Final 1,SCHWINGHAMMER,2533204,6,73.71,16.25,46.3,11.16,1,7op,0.98,7.2,7.9,2,bG,0.92,4.2,4.0,3
FIS FREESTYLE SKI WORLD CUP 2025,2024-12-06,IDRE FJÄLL (SWE),Women's Moguls,Results Final 2,SCHWINGHAMMER,2533204,3,80.71,16.53,47.7,16.48,1,7op,0.98,7.8,8.3,2,bG,0.92,9.3,9.4,3
FIS FREESTYLE SKI WORLD CUP 2025,2024-12-06,IDRE FJÄLL (SWE),Women's Moguls,Results Qualification,SCHWINGHAMMER,2533204,3,76.35,15.05,47.6,13.7,1,7op,0.98,6.2,6.3,2,bG,0.92,8.3,8.2,3
FIS FREESTYLE SKI WORLD CUP 2025,2024-12-20,BAKURIANI (GEO),Men's Moguls,Results Final 1,CAVET Benjamin,2530514,2,80.78,17.02,48.1,15.66,1,bF,0.88,9.0,9.3,2,10op,1.05,7.1,7.4,1
FIS FREESTYLE SKI WORLD CUP 2025,2024-12-20,BAKURIANI (GEO),Men's Moguls,Results Final 2,CAVET Benjamin,2530514,1,84.08,17.86,49.1,17.12,1,bF,0.88,9.0,9.4,2,10op,1.05,8.6,8.6,1
FIS FREESTYLE SKI WORLD CUP 2025,2024-12-20,BAKURIANI (GEO),Men's Moguls,Results Final 1,KINGSBURY Mikael,2484937,5,79.36,16.83,49.0,13.53,1,10op,1.05,9.1,9.2,2,7oG,1.01,3.9,3.9,2
FIS FREESTYLE SKI WORLD CUP 2025,2024-12-20,BAKURIANI (GEO),Men's Moguls,Results Final 2,KINGSBURY Mikael,2484937,2,82.93,16.93,48.6,17.4,1,10op,1.05,8.6,8.4,2,7oG,1.01,8.2,8.6,2
FIS FREESTYLE SKI WORLD CUP 2025,2024-12-20,BAKURIANI (GEO),Men's Moguls,Results Final 1,VIERELA Severi,2533386,4,80.09,18.34,45.1,16.65,1,10op,1.05,7.5,7.4,2,7oG,1.01,8.6,8.9,3
FIS FREESTYLE SKI WORLD CUP 2025,2024-12-20,BAKURIANI (GEO),Men's Moguls,Results Final 2,VIERELA Severi,2533386,3,80.8,18.36,46.1,16.34,1,10op,1.05,8.4,8.7,2,7oG,1.01,7.4,7.2,3
FIS FREESTYLE SKI WORLD CUP 2025,2024-12-20,BAKURIANI (GEO),Women's Moguls,Results Final 1,GIACCIO Olivia,2532241,1,79.77,16.95,46.1,16.72,1,7oG,1.11,7.8,7.6,2,7op,0.98,8.2,8.5,1
FIS FREESTYLE SKI WORLD CUP 2025,2024-12-20,BAKURIANI (GEO),Women's Moguls,Results Final 2,GIACCIO Olivia,2532241,1,80.19,16.89,45.3,18.0,1,7oG,1.11,8.6,8.5,2,7op,0.98,8.7,8.7,1
FIS FREESTYLE SKI WORLD CUP 2025,2024-12-20,BAKURIANI (GEO),Women's Moguls,Results Qualification,GIACCIO Olivia,2532241,5,73.05,15.61,41.2,16.24,1,7oG,1.11,8.1,8.2,2,7op,0.98,7.5,7.2,1
FIS FREESTYLE SKI WORLD CUP 2025,2024-12-20,BAKURIANI (GEO),Women's Moguls,Results Final 1,LAFFONT Perrine,2531156,3,75.28,16.85,46.2,12.23,1,7op,0.98,7.0,7.0,2,bG,0.92,5.9,5.8,2
FIS FREESTYLE SKI WORLD CUP 2025,2024-12-20,BAKURIANI (GEO),Women's Moguls,Results Final 2,LAFFONT Perrine,2531156,2,76.53,16.54,45.6,14.39,1,7op,0.98,7.8,7.6,2,bG,0.92,7.4,7.5,2
FIS FREESTYLE SKI WORLD CUP 2025,2024-12-20,BAKURIANI (GEO),Women's Moguls,Results Qualification,LAFFONT Perrine,2531156,1,77.19,15.83,46.1,15.26,1,7op,0.98,7.5,7.5,2,bG,0.92,8.5,8.7,2
FIS FREESTYLE SKI WORLD CUP 2025,2024-12-20,BAKURIANI (GEO),Women's Moguls,Results Final 1,KAUF Jaelin,2529064,6,73.25,18.57,40.9,13.78,1,7op,0.98,7.6,7.5,2,bG,0.92,7.1,6.8,3
FIS FREESTYLE SKI WORLD CUP 2025,2024-12-20,BAKURIANI (GEO),Women's Moguls,Results Final 2,KAUF Jaelin,2529064,3,76.13,19.58,42.8,13.75,1,7op,0.98,7.2,7.1,2,bG,0.92,7.3,7.4,3
FIS FREESTYLE SKI WORLD CUP 2025,2024-12-20,BAKURIANI (GEO),Women's Moguls,Results Qualification,KAUF Jaelin,2529064,7,71.0,17.52,39.8,13.68,1,7op,0.98,6.5,6.5,2,bG,0.92,7.9,8.0,3
FIS FREESTYLE SKI WORLD CUP 2025,2025-01-24,WATERVILLE (USA),Men's Moguls,Results Final 1,KINGSBURY Mikael,2484937,2,80.07,16.9,47.8,15.37,1,bF,0.88,8.7,9.2,2,10op,1.05,7.2,7.1,1
FIS FREESTYLE SKI WORLD CUP 2025,2025-01-24,WATERVILLE (USA),Men's Moguls,Results Final 2,KINGSBURY Mikael,2484937,1,84.95,16.95,50.9,17.1,1,bF,0.88,9.4,9.2,2,10op,1.05,8.5,8.5,1
FIS FREESTYLE SKI WORLD CUP 2025,2025-01-24,WATERVILLE (USA),Men's Moguls,Results Qualification,KINGSBURY Mikael,2484937,2,80.01,16.75,49.5,13.76,1,bF,0.88,7.8,7.7,2,7op,0.88,8.0,7.8,1
FIS FREESTYLE SKI WORLD CUP 2025,2025-01-24,WATERVILLE (USA),Men's Moguls,Results Final 1,PAGE Nick,2533462,1,81.51,17.25,47.9,16.36,1,10op,1.05,7.5,7.9,2,7oG,1.01,8.2,8.2,2
FIS FREESTYLE SKI WORLD CUP 2025,2025-01-24,WATERVILLE (USA),Men's Moguls,Results Final 2,PAGE Nick,2533462,2,83.55,16.76,49.8,16.99,1,10op,1.05,8.3,8.6,2,7oG,1.01,7.9,8.2,2
FIS FREESTYLE SKI WORLD CUP 2025,2025-01-24,WATERVILLE (USA),Men's Moguls,Results Qualification,PAGE Nick,2533462,9,73.15,15.56,44.1,13.49,1,7oG,1.01,6.3,6.5,2,10op,1.05,7.0,6.4,2
FIS FREESTYLE SKI WORLD CUP 2025,2025-01-24,WATERVILLE (USA),Men's Moguls,Results Final 1,CAVET Benjamin,2530514,5,78.58,16.43,48.1,14.05,1,bF,0.88,7.2,8.4,2,10op,1.05,6.5,7.2,3
FIS FREESTYLE SKI WORLD CUP 2025,2025-01-24,WATERVILLE (USA),Men's Moguls,Results Final 2,CAVET Benjamin,2530514,3,74.55,16.9,43.8,13.85,1,bF,0.88,7.1,8.3,2,10op,1.05,6.7,6.8,3
FIS FREESTYLE SKI WORLD CUP 2025,2025-01-24,WATERVILLE (USA),Men's Moguls,Results Qualification,CAVET Benjamin,2530514,3,78.12,16.59,48.4,13.13,1,bF,0.88,8.2,8.2,2,bp,0.71,8.4,8.3,3
FIS FREESTYLE SKI WORLD CUP 2025,2025-01-24,WATERVILLE (USA),Women's Moguls,Results Final 1,LAFFONT Perrine,2531156,1,80.29,17.82,46.0,16.47,1,7oG,1.11,7.8,7.9,2,bG,0.92,8.5,8.4,1
FIS FREESTYLE SKI WORLD CUP 2025,2025-01-24,WATERVILLE (USA),Women's Moguls,Results Final 2,LAFFONT Perrine,2531156,1,77.43,17.61,46.2,13.62,1,7oG,1.11,7.0,6.7,2,bG,0.92,6.6,6.5,1
FIS FREESTYLE SKI WORLD CUP 2025,2025-01-24,WATERVILLE (USA),Women's Moguls,Results Qualification,LAFFONT Perrine,2531156,1,77.2,16.34,45.5,15.36,1,7oG,1.11,7.3,6.8,2,bG,0.92,8.1,8.3,1
FIS FREESTYLE SKI WORLD CUP 2025,2025-01-24,WATERVILLE (USA),Women's Moguls,Results Final 1,KAUF Jaelin,2529064,3,72.89,18.11,42.2,12.58,1,7op,0.98,6.8,6.5,2,bG,0.92,6.9,6.3,2
FIS FREESTYLE SKI WORLD CUP 2025,2025-01-24,WATERVILLE (USA),Women's Moguls,Results Final 2,KAUF Jaelin,2529064,2,77.39,17.73,45.5,14.16,1,7op,0.98,6.8,7.1,2,bG,0.92,7.8,8.2,2
FIS FREESTYLE SKI WORLD CUP 2025,2025-01-24,WATERVILLE (USA),Women's Moguls,Results Qualification,KAUF Jaelin,2529064,5,74.02,16.76,44.2,13.06,1,7op,0.98,5.6,6.8,2,bG,0.92,7.0,8.2,2
FIS FREESTYLE SKI WORLD CUP 2025,2025-01-24,WATERVILLE (USA),Women's Moguls,Results Final 1,GIACCIO Olivia,2532241,4,72.84,17.22,42.5,13.12,1,7oG,1.11,6.3,5.7,2,7op,0.98,6.7,6.5,3
FIS FREESTYLE SKI WORLD CUP 2025,2025-01-24,WATERVILLE (USA),Women's Moguls,Results Final 2,GIACCIO Olivia,2532241,3,75.52,17.39,44.5,13.63,1,7oG,1.11,6.2,6.0,2,7op,0.98,6.5,7.5,3
FIS FREESTYLE SKI WORLD CUP 2025,2025-01-24,WATERVILLE (USA),Women's Moguls,Results Qualification,GIACCIO Olivia,2532241,4,74.45,15.49,44.8,14.16,1,7oG,1.11,7.5,5.5,2,7op,0.98,6.0,8.2,3
FIS FREESTYLE SKI WORLD CUP 2025,2025-01-31,VAL ST. COME (CAN),Men's Moguls,Results Final 1,KINGSBURY Mikael,2484937,1,88.04,17.07,53.8,17.17,1,bF,0.88,9.0,9.5,2,10op,1.05,8.8,8.4,1
FIS FREESTYLE SKI WORLD CUP 2025,2025-01-31,VAL ST. COME (CAN),Men's Moguls,Results Final 2,KINGSBURY Mikael,2484937,1,87.42,16.33,53.8,17.29,1,bF,0.88,9.5,9.4,2,10op,1.05,8.7,8.4,1
FIS FREESTYLE SKI WORLD CUP 2025,2025-01-31,VAL ST. COME (CAN),Men's Moguls,Results Qualification,KINGSBURY Mikael,2484937,1,82.82,16.84,51.3,14.68,1,bF,0.88,8.7,8.6,2,7op,0.88,8.0,8.1,1
FIS FREESTYLE SKI WORLD CUP 2025,2025-01-31,VAL ST. COME (CAN),Men's Moguls,Results Final 1,VIEL Julien,2534074,4,81.32,16.7,48.7,15.92,1,10op,1.05,8.0,8.0,2,7op,0.88,8.5,8.6,2
FIS FREESTYLE SKI WORLD CUP 2025,2025-01-31,VAL ST. COME (CAN),Men's Moguls,Results Final 2,VIEL Julien,2534074,2,80.56,16.35,49.0,15.21,1,10op,1.05,7.8,8.2,2,7op,0.88,7.6,7.9,2
FIS FREESTYLE SKI WORLD CUP 2025,2025-01-31,VAL ST. COME (CAN),Men's Moguls,Results Qualification,VIEL Julien,2534074,3,80.18,16.17,49.5,14.51,1,bF,0.88,8.3,8.5,2,7op,0.88,7.9,8.3,2
FIS FREESTYLE SKI WORLD CUP 2025,2025-01-31,VAL ST. COME (CAN),Men's Moguls,Results Final 1,PENTTALA Olli,2528035,5,78.16,16.35,44.9,16.91,1,10op,1.05,7.8,7.4,2,7oG,1.01,8.8,8.9,3
FIS FREESTYLE SKI WORLD CUP 2025,2025-01-31,VAL ST. COME (CAN),Men's Moguls,Results Final 2,PENTTALA Olli,2528035,3,78.28,16.2,45.8,16.28,1,10op,1.05,8.2,8.5,2,7oG,1.01,7.4,7.5,3
FIS FREESTYLE SKI WORLD CUP 2025,2025-01-31,VAL ST. COME (CAN),Men's Moguls,Results Qualification,PENTTALA Olli,2528035,15,72.19,15.32,40.8,16.07,1,10op,1.05,8.0,8.1,2,7oG,1.01,7.5,7.6,3
FIS FREESTYLE SKI WORLD CUP 2025,2025-01-31,VAL ST. COME (CAN),Women's Moguls,Results Final 1,SCHWINGHAMMER,2533204,1,78.66,16.52,45.8,16.34,1,7op,0.98,7.8,8.0,2,bG,0.92,9.2,9.5,1
FIS FREESTYLE SKI WORLD CUP 2025,2025-01-31,VAL ST. COME (CAN),Women's Moguls,Results Final 2,SCHWINGHAMMER,2533204,1,80.07,16.61,48.1,15.36,1,7op,0.98,7.8,7.7,2,bG,0.92,8.5,8.4,1
FIS FREESTYLE SKI WORLD CUP 2025,2025-01-31,VAL ST. COME (CAN),Women's Moguls,Results Qualification,SCHWINGHAMMER,2533204,5,70.79,14.7,40.6,15.49,1,7op,0.98,8.1,7.2,2,bG,0.92,8.8,8.6,1
FIS FREESTYLE SKI WORLD CUP 2025,2025-01-31,VAL ST. COME (CAN),Women's Moguls,Results Final 1,KAUF Jaelin,2529064,3,75.23,17.76,42.3,15.17,1,7op,0.98,7.6,7.9,2,bG,0.92,8.2,8.3,2
FIS FREESTYLE SKI WORLD CUP 2025,2025-01-31,VAL ST. COME (CAN),Women's Moguls,Results Final 2,KAUF Jaelin,2529064,2,77.85,17.82,45.1,14.93,1,7op,0.98,7.9,7.0,2,bG,0.92,8.1,8.5,2
FIS FREESTYLE SKI WORLD CUP 2025,2025-01-31,VAL ST. COME (CAN),Women's Moguls,Results Qualification,KAUF Jaelin,2529064,3,72.92,16.4,40.9,15.62,1,7op,0.98,8.2,8.4,2,bG,0.92,8.2,8.1,2
FIS FREESTYLE SKI WORLD CUP 2025,2025-01-31,VAL ST. COME (CAN),Women's Moguls,Results Final 1,GIACCIO Olivia,2532241,2,76.69,14.89,45.0,16.8,1,7oG,1.11,7.8,8.0,2,7op,0.98,8.0,8.4,3
FIS FREESTYLE SKI WORLD CUP 2025,2025-01-31,VAL ST. COME (CAN),Women's Moguls,Results Final 2,GIACCIO Olivia,2532241,3,77.71,15.12,45.7,16.89,1,7oG,1.11,8.1,8.3,2,7op,0.98,8.0,7.9,3
FIS FREESTYLE SKI WORLD CUP 2025,2025-01-31,VAL ST. COME (CAN),Women's Moguls,Results Qualification,GIACCIO Olivia,2532241,1,75.03,13.89,43.6,17.54,1,7oG,1.11,8.3,8.5,2,7op,0.98,8.6,8.2,3
FIS FREESTYLE SKI WORLD CUP 2025,2025-02-06,DEER VALLEY (USA),Men's Moguls,Results Final 1,HORISHIMA Ikuma,2529645,1,87.99,16.67,53.7,17.62,1,bF,0.88,9.4,9.3,2,10op,1.05,8.9,9.0,1
FIS FREESTYLE SKI WORLD CUP 2025,2025-02-06,DEER VALLEY (USA),Men's Moguls,Results Final 2,HORISHIMA Ikuma,2529645,1,86.24,16.72,52.8,16.72,1,bdF,1.05,8.1,8.2,2,14op,1.22,6.6,6.8,1
FIS FREESTYLE SKI WORLD CUP 2025,2025-02-06,DEER VALLEY (USA),Men's Moguls,Results Qualification,HORISHIMA Ikuma,2529645,1,78.9,14.93,48.8,15.17,1,bF,0.88,7.6,7.7,2,10op,1.05,8.0,8.1,1
FIS FREESTYLE SKI WORLD CUP 2025,2025-02-06,DEER VALLEY (USA),Men's Moguls,Results Final 1,KOLMAKOV Pavel,2528846,2,82.4,16.52,49.7,16.18,1,bdF,1.05,8.3,8.1,2,bG,0.82,9.3,9.2,2
FIS FREESTYLE SKI WORLD CUP 2025,2025-02-06,DEER VALLEY (USA),Men's Moguls,Results Final 2,KOLMAKOV Pavel,2528846,2,84.95,17.33,51.4,16.22,1,bdF,1.05,8.3,8.1,2,bG,0.82,9.4,9.2,2
FIS FREESTYLE SKI WORLD CUP 2025,2025-02-06,DEER VALLEY (USA),Men's Moguls,Results Qualification,KOLMAKOV Pavel,2528846,6,75.43,16.26,43.9,15.27,1,bF,0.88,8.8,8.5,2,bG,0.82,9.4,9.3,2
FIS FREESTYLE SKI WORLD CUP 2025,2025-02-06,DEER VALLEY (USA),Men's Moguls,Results Final 1,CAVET Benjamin,2530514,6,80.12,15.39,50.9,13.83,1,bF,0.88,7.1,7.3,2,10op,1.05,7.3,7.0,3
FIS FREESTYLE SKI WORLD CUP 2025,2025-02-06,DEER VALLEY (USA),Men's Moguls,Results Final 2,CAVET Benjamin,2530514,3,83.82,16.27,51.3,16.25,1,bF,0.88,8.4,8.5,2,10op,1.05,8.5,8.3,3
FIS FREESTYLE SKI WORLD CUP 2025,2025-02-06,DEER VALLEY (USA),Men's Moguls,Results Qualification,CAVET Benjamin,2530514,5,76.32,15.93,48.6,11.79,1,bF,0.88,8.1,8.0,2,bp,0.71,6.6,6.7,3
FIS FREESTYLE SKI WORLD CUP 2025,2025-02-06,DEER VALLEY (USA),Women's Moguls,Results Final 1,KAUF Jaelin,2529064,2,78.72,16.16,48.3,14.26,1,7op,0.98,7.1,7.0,2,bG,0.92,8.1,7.9,1
FIS FREESTYLE SKI WORLD CUP 2025,2025-02-06,DEER VALLEY (USA),Women's Moguls,Results Final 2,KAUF Jaelin,2529064,1,80.75,16.4,49.0,15.35,1,7op,0.98,7.6,7.7,2,bG,0.92,8.6,8.5,1
FIS FREESTYLE SKI WORLD CUP 2025,2025-02-06,DEER VALLEY (USA),Women's Moguls,Results Qualification,KAUF Jaelin,2529064,4,71.72,14.91,43.6,13.21,1,bp,0.81,6.9,7.0,2,bG,0.92,8.2,8.3,1
FIS FREESTYLE SKI WORLD CUP 2025,2025-02-06,DEER VALLEY (USA),Women's Moguls,Results Final 1,LAFFONT Perrine,2531156,1,83.63,16.82,50.5,16.31,1,7oG,1.11,7.4,7.5,2,bG,0.92,8.8,8.7,2
FIS FREESTYLE SKI WORLD CUP 2025,2025-02-06,DEER VALLEY (USA),Women's Moguls,Results Final 2,LAFFONT Perrine,2531156,2,79.63,17.15,47.3,15.18,1,7oG,1.11,6.9,6.8,2,bG,0.92,8.4,8.1,2
FIS FREESTYLE SKI WORLD CUP 2025,2025-02-06,DEER VALLEY (USA),Women's Moguls,Results Qualification,LAFFONT Perrine,2531156,1,76.91,15.45,45.2,16.26,1,7oG,1.11,7.6,7.8,2,bG,0.92,8.4,8.4,2
FIS FREESTYLE SKI WORLD CUP 2025,2025-02-06,DEER VALLEY (USA),Women's Moguls,Results Final 1,SCHWINGHAMMER,2533204,3,78.68,16.01,48.0,14.67,1,7op,0.98,7.8,7.7,2,bG,0.92,7.6,7.8,3
FIS FREESTYLE SKI WORLD CUP 2025,2025-02-06,DEER VALLEY (USA),Women's Moguls,Results Final 2,SCHWINGHAMMER,2533204,3,75.22,15.87,46.3,13.05,1,7op,0.98,7.5,7.4,2,bp,0.81,7.1,7.1,3
FIS FREESTYLE SKI WORLD CUP 2025,2025-02-06,DEER VALLEY (USA),Women's Moguls,Results Qualification,SCHWINGHAMMER,2533204,3,72.08,13.52,44.8,13.76,1,7op,0.98,7.9,7.8,2,bp,0.81,7.5,7.5,3
FIS FREESTYLE SKI WORLD CUP 2025,2025-02-21,BEIDAHU (CHN),Men's Moguls,Results Final 1,HORISHIMA Ikuma,2529645,1,84.67,16.1,53.1,15.47,1,bF,0.88,8.0,8.1,2,10op,1.05,7.9,8.1,1
FIS FREESTYLE SKI WORLD CUP 2025,2025-02-21,BEIDAHU (CHN),Men's Moguls,Results Final 2,HORISHIMA Ikuma,2529645,1,86.57,16.43,52.5,17.64,1,bdF,1.05,8.5,8.5,2,14op,1.22,7.1,7.2,1
FIS FREESTYLE SKI WORLD CUP 2025,2025-02-21,BEIDAHU (CHN),Men's Moguls,Results Qualification,HORISHIMA Ikuma,2529645,16,74.99,15.61,45.1,14.28,1,bF,0.88,8.0,7.4,2,10op,1.05,7.0,7.3,1
FIS FREESTYLE SKI WORLD CUP 2025,2025-02-21,BEIDAHU (CHN),Men's Moguls,Results Final 1,KINGSBURY Mikael,2484937,2,84.6,16.72,52.4,15.48,1,10op,1.05,8.2,8.4,2,7op,0.88,7.7,7.7,2
FIS FREESTYLE SKI WORLD CUP 2025,2025-02-21,BEIDAHU (CHN),Men's Moguls,Results Final 2,KINGSBURY Mikael,2484937,2,85.91,16.83,53.2,15.88,1,10op,1.05,8.3,8.4,2,7op,0.88,8.1,8.1,2
FIS FREESTYLE SKI WORLD CUP 2025,2025-02-21,BEIDAHU (CHN),Men's Moguls,Results Qualification,KINGSBURY Mikael,2484937,1,81.55,16.12,51.4,14.03,1,10op,1.05,7.0,7.5,2,7op,0.88,7.6,7.0,2
FIS FREESTYLE SKI WORLD CUP 2025,2025-02-21,BEIDAHU (CHN),Men's Moguls,Results Final 1,GRAVENFORS Filip,2534858,3,82.95,16.83,51.1,15.02,1,10op,1.05,7.3,7.1,2,7oG,1.01,7.2,7.6,3
FIS FREESTYLE SKI WORLD CUP 2025,2025-02-21,BEIDAHU (CHN),Men's Moguls,Results Final 2,GRAVENFORS Filip,2534858,3,83.79,16.97,50.6,16.22,1,10oG,1.2,7.7,7.6,2,7op,0.88,8.0,8.0,3
FIS FREESTYLE SKI WORLD CUP 2025,2025-02-21,BEIDAHU (CHN),Men's Moguls,Results Qualification,GRAVENFORS Filip,2534858,9,76.1,15.94,46.0,14.16,1,10op,1.05,7.0,7.5,2,7op,0.88,7.3,7.6,3
FIS FREESTYLE SKI WORLD CUP 2025,2025-02-21,BEIDAHU (CHN),Women's Moguls,Results Final 1,KAUF Jaelin,2529064,1,82.39,18.12,49.9,14.37,1,7op,0.98,7.5,7.2,2,bG,0.92,7.8,7.8,1
FIS FREESTYLE SKI WORLD CUP 2025,2025-02-21,BEIDAHU (CHN),Women's Moguls,Results Final 2,KAUF Jaelin,2529064,1,82.19,18.18,49.4,14.61,1,7op,0.98,7.4,7.4,2,bG,0.92,8.0,8.0,1
FIS FREESTYLE SKI WORLD CUP 2025,2025-02-21,BEIDAHU (CHN),Women's Moguls,Results Qualification,KAUF Jaelin,2529064,1,79.94,17.59,48.3,14.05,1,7op,0.98,6.8,6.5,2,bG,0.92,8.1,8.3,1
FIS FREESTYLE SKI WORLD CUP 2025,2025-02-21,BEIDAHU (CHN),Women's Moguls,Results Final 1,LAFFONT Perrine,2531156,2,80.34,16.0,50.3,14.04,1,7oG,1.11,7.5,7.3,2,bG,0.92,6.3,6.4,2
FIS FREESTYLE SKI WORLD CUP 2025,2025-02-21,BEIDAHU (CHN),Women's Moguls,Results Final 2,LAFFONT Perrine,2531156,2,79.23,15.85,48.5,14.88,1,7oG,1.11,7.3,7.0,2,bG,0.92,7.5,7.6,2
FIS FREESTYLE SKI WORLD CUP 2025,2025-02-21,BEIDAHU (CHN),Women's Moguls,Results Qualification,LAFFONT Perrine,2531156,3,78.44,15.14,48.9,14.4,1,7oG,1.11,7.3,6.9,2,bG,0.92,6.8,7.4,2
FIS FREESTYLE SKI WORLD CUP 2025,2025-02-21,BEIDAHU (CHN),Women's Moguls,Results Final 1,GIACCIO Olivia,2532241,5,77.47,15.33,47.8,14.34,1,7oG,1.11,6.7,6.8,2,7op,0.98,6.9,7.1,3
FIS FREESTYLE SKI WORLD CUP 2025,2025-02-21,BEIDAHU (CHN),Women's Moguls,Results Final 2,GIACCIO Olivia,2532241,3,78.43,16.01,47.1,15.32,1,7oG,1.11,7.6,7.4,2,7op,0.98,7.1,7.2,3
FIS FREESTYLE SKI WORLD CUP 2025,2025-02-21,BEIDAHU (CHN),Women's Moguls,Results Qualification,GIACCIO Olivia,2532241,10,69.0,14.12,41.0,13.88,1,7oG,1.11,6.5,6.0,2,7op,0.98,7.1,7.1,3
FIS FREESTYLE SKI WORLD CUP 2025,2025-03-11,LIVIGNO (ITA),Men's Moguls,Results Final 1,HORISHIMA Ikuma,2529645,3,79.2,16.58,49.4,13.22,1,bdF,1.05,6.7,6.7,2,10op,1.05,5.8,6.0,1
FIS FREESTYLE SKI WORLD CUP 2025,2025-03-11,LIVIGNO (ITA),Men's Moguls,Results Final 2,HORISHIMA Ikuma,2529645,1,85.37,17.64,50.3,17.43,1,bdF,1.05,7.6,7.5,2,14op,1.22,7.8,7.8,1
FIS FREESTYLE SKI WORLD CUP 2025,2025-03-11,LIVIGNO (ITA),Men's Moguls,Results Qualification,HORISHIMA Ikuma,2529645,1,80.26,15.75,49.8,14.71,1,bF,0.88,8.2,8.2,2,10op,1.05,7.3,7.0,1
FIS FREESTYLE SKI WORLD CUP 2025,2025-03-11,LIVIGNO (ITA),Men's Moguls,Results Final 1,KINGSBURY Mikael,2484937,1,82.28,16.31,49.6,16.37,1,bdF,1.05,8.0,8.3,2,10op,1.05,7.6,7.3,2
FIS FREESTYLE SKI WORLD CUP 2025,2025-03-11,LIVIGNO (ITA),Men's Moguls,Results Final 2,KINGSBURY Mikael,2484937,2,82.9,17.6,49.4,15.9,1,bdF,1.05,6.9,6.8,2,10op,1.05,8.4,8.2,2
FIS FREESTYLE SKI WORLD CUP 2025,2025-03-11,LIVIGNO (ITA),Men's Moguls,Results Qualification,KINGSBURY Mikael,2484937,2,78.54,15.91,49.3,13.33,1,bF,0.88,7.5,8.0,2,7op,0.88,7.3,7.5,2
FIS FREESTYLE SKI WORLD CUP 2025,2025-03-11,LIVIGNO (ITA),Men's Moguls,Results Final 1,MICKEL Charlie,2537180,2,81.06,17.03,48.4,15.63,1,7oG,1.01,8.4,8.0,2,10op,1.05,7.2,6.8,3
FIS FREESTYLE SKI WORLD CUP 2025,2025-03-11,LIVIGNO (ITA),Men's Moguls,Results Final 2,MICKEL Charlie,2537180,3,80.14,16.51,48.1,15.53,1,7oG,1.01,7.6,7.9,2,10op,1.05,7.4,7.3,3
FIS FREESTYLE SKI WORLD CUP 2025,2025-03-11,LIVIGNO (ITA),Men's Moguls,Results Qualification,MICKEL Charlie,2537180,6,74.86,15.35,44.5,15.01,1,7oG,1.01,8.3,8.2,2,7op,0.88,7.5,7.7,3
FIS FREESTYLE SKI WORLD CUP 2025,2025-03-11,LIVIGNO (ITA),Women's Moguls,Results Final 1,KAUF Jaelin,2529064,1,79.88,18.58,46.8,14.5,1,7op,0.98,7.3,7.1,2,bG,0.92,8.0,8.2,1
FIS FREESTYLE SKI WORLD CUP 2025,2025-03-11,LIVIGNO (ITA),Women's Moguls,Results Final 2,KAUF Jaelin,2529064,1,81.21,18.58,47.5,15.13,1,7op,0.98,7.9,7.6,2,bG,0.92,8.1,8.3,1
FIS FREESTYLE SKI WORLD CUP 2025,2025-03-11,LIVIGNO (ITA),Women's Moguls,Results Qualification,KAUF Jaelin,2529064,2,75.77,16.51,45.7,13.56,1,7op,0.98,7.1,6.7,2,bG,0.92,7.5,7.3,1
FIS FREESTYLE SKI WORLD CUP 2025,2025-03-11,LIVIGNO (ITA),Women's Moguls,Results Final 1,LAFFONT Perrine,2531156,2,77.87,17.61,46.9,13.36,1,7oG,1.11,6.2,5.8,2,7op,0.98,7.0,6.7,2
FIS FREESTYLE SKI WORLD CUP 2025,2025-03-11,LIVIGNO (ITA),Women's Moguls,Results Final 2,LAFFONT Perrine,2531156,2,77.07,17.15,46.3,13.62,1,7oG,1.11,6.3,5.9,2,7op,0.98,7.3,6.7,2
FIS FREESTYLE SKI WORLD CUP 2025,2025-03-11,LIVIGNO (ITA),Women's Moguls,Results Qualification,LAFFONT Perrine,2531156,1,75.86,16.19,46.2,13.47,1,bp,0.81,8.4,7.7,2,7op,0.98,7.3,6.9,2
FIS FREESTYLE SKI WORLD CUP 2025,2025-03-11,LIVIGNO (ITA),Women's Moguls,Results Final 1,JOHNSON Tess,2532270,5,74.88,14.54,44.2,16.14,1,7oG,1.11,7.7,7.9,2,bG,0.92,8.1,8.2,3
FIS FREESTYLE SKI WORLD CUP 2025,2025-03-11,LIVIGNO (ITA),Women's Moguls,Results Final 2,JOHNSON Tess,2532270,3,74.94,15.28,44.1,15.56,1,7oG,1.11,7.2,7.1,2,bG,0.92,8.3,8.3,3
FIS FREESTYLE SKI WORLD CUP 2025,2025-03-11,LIVIGNO (ITA),Women's Moguls,Results Qualification,JOHNSON Tess,2532270,4,71.39,13.95,42.0,15.44,1,7oG,1.11,7.3,7.2,2,bG,0.92,7.9,8.2,3
FIS FREESTYLE SKI WORLD CUP 2026,2025-12-07,RUKA (FIN),Men's Moguls,Results Final 1,HORISHIMA Ikuma,2529645,5,76.67,16.26,47.3,13.11,1,bdF,1.05,6.7,6.5,2,10op,1.05,5.9,5.9,1
FIS FREESTYLE SKI WORLD CUP 2026,2025-12-07,RUKA (FIN),Men's Moguls,Results Final 2,HORISHIMA Ikuma,2529645,1,83.48,17.39,47.6,18.49,1,bdF,1.05,8.2,8.1,2,14op,1.22,8.3,8.1,1
FIS FREESTYLE SKI WORLD CUP 2026,2025-12-07,RUKA (FIN),Men's Moguls,Results Qualification,HORISHIMA Ikuma,2529645,5,76.93,15.35,47.0,14.58,1,bF,0.88,8.3,8.5,2,10op,1.05,7.0,6.7,1
FIS FREESTYLE SKI WORLD CUP 2026,2025-12-07,RUKA (FIN),Men's Moguls,Results Final 1,WALLBERG Walter,2532001,2,77.71,17.13,45.2,15.38,1,bdF,1.05,7.4,7.3,2,7oG,1.01,7.7,7.5,2
FIS FREESTYLE SKI WORLD CUP 2026,2025-12-07,RUKA (FIN),Men's Moguls,Results Final 2,WALLBERG Walter,2532001,2,82.47,17.64,47.8,17.03,1,bdF,1.05,8.1,8.2,2,7oG,1.01,8.5,8.3,2
FIS FREESTYLE SKI WORLD CUP 2026,2025-12-07,RUKA (FIN),Men's Moguls,Results Qualification,WALLBERG Walter,2532001,1,78.89,16.85,46.8,15.24,1,bF,0.88,7.6,7.9,2,7oG,1.01,8.4,8.3,2
FIS FREESTYLE SKI WORLD CUP 2026,2025-12-07,RUKA (FIN),Men's Moguls,Results Final 1,PAGE Nick,2533462,4,76.68,16.15,45.5,15.03,1,7oG,1.01,7.4,7.2,2,10op,1.05,7.5,7.1,3
FIS FREESTYLE SKI WORLD CUP 2026,2025-12-07,RUKA (FIN),Men's Moguls,Results Final 2,PAGE Nick,2533462,3,79.62,16.61,47.3,15.71,1,7op,0.88,8.1,7.6,2,10op,1.05,8.9,7.9,3
FIS FREESTYLE SKI WORLD CUP 2026,2025-12-07,RUKA (FIN),Men's Moguls,Results Qualification,PAGE Nick,2533462,2,77.72,15.09,46.3,16.33,1,7oG,1.01,7.7,7.6,2,10op,1.05,8.4,8.0,3
FIS FREESTYLE SKI WORLD CUP 2026,2025-12-07,RUKA (FIN),Women's Moguls,Results Final 1,JOHNSON Tess,2532270,3,75.57,17.5,43.9,14.17,1,7oG,1.11,6.0,5.7,2,bG,0.92,8.5,8.2,1
FIS FREESTYLE SKI WORLD CUP 2026,2025-12-07,RUKA (FIN),Women's Moguls,Results Final 2,JOHNSON Tess,2532270,1,78.86,16.69,46.5,15.67,1,7oG,1.11,7.2,7.3,2,bG,0.92,8.4,8.2,1
FIS FREESTYLE SKI WORLD CUP 2026,2025-12-07,RUKA (FIN),Women's Moguls,Results Qualification,JOHNSON Tess,2532270,1,72.94,16.33,44.4,12.21,1,7oG,1.11,5.5,5.5,2,bG,0.92,6.8,6.5,1
FIS FREESTYLE SKI WORLD CUP 2026,2025-12-07,RUKA (FIN),Women's Moguls,Results Final 1,LAFFONT Perrine,2531156,1,78.63,16.36,46.5,15.77,1,7op,0.98,7.3,7.8,2,7oG,1.11,7.5,7.6,2
FIS FREESTYLE SKI WORLD CUP 2026,2025-12-07,RUKA (FIN),Women's Moguls,Results Final 2,LAFFONT Perrine,2531156,2,77.43,16.87,47.2,13.36,1,7op,0.98,7.4,7.2,2,7oG,1.11,5.7,5.5,2
FIS FREESTYLE SKI WORLD CUP 2026,2025-12-07,RUKA (FIN),Women's Moguls,Results Qualification,LAFFONT Perrine,2531156,2,71.83,16.61,43.8,11.42,1,bp,0.81,6.9,6.8,2,7oG,1.11,5.4,5.2,2
FIS FREESTYLE SKI WORLD CUP 2026,2025-12-07,RUKA (FIN),Women's Moguls,Results Final 1,GIACCIO Olivia,2532241,5,71.64,16.73,41.6,13.31,1,7oG,1.11,5.2,5.2,2,7op,0.98,7.8,7.6,3
FIS FREESTYLE SKI WORLD CUP 2026,2025-12-07,RUKA (FIN),Women's Moguls,Results Final 2,GIACCIO Olivia,2532241,3,74.35,17.78,41.1,15.47,1,7oG,1.11,7.3,7.7,2,7op,0.98,7.3,7.3,3
FIS FREESTYLE SKI WORLD CUP 2026,2025-12-07,RUKA (FIN),Women's Moguls,Results Qualification,GIACCIO Olivia,2532241,8,67.32,15.16,39.7,12.46,1,7oG,1.11,5.9,5.8,2,7op,0.98,6.2,6.0,3
FIS FREESTYLE SKI WORLD CUP 2026,2025-12-08,RUKA (FIN),Women's Moguls,Results Final 1,ANTHONY Jakara,2530720,2,78.54,16.48,47.4,14.66,1,7oG,1.11,7.0,6.5,2,bG,0.92,7.6,8.0,1
FIS FREESTYLE SKI WORLD CUP 2026,2025-12-08,RUKA (FIN),Women's Moguls,Results Final 2,ANTHONY Jakara,2530720,1,79.89,17.46,47.6,14.83,1,7oG,1.11,6.9,6.5,2,bG,0.92,8.1,8.0,1
FIS FREESTYLE SKI WORLD CUP 2026,2025-12-08,RUKA (FIN),Women's Moguls,Results Qualification,ANTHONY Jakara,2530720,3,71.68,15.62,43.4,12.66,1,7oG,1.11,6.6,6.6,2,bp,0.81,6.5,6.7,1
FIS FREESTYLE SKI WORLD CUP 2026,2025-12-08,RUKA (FIN),Women's Moguls,Results Final 1,GIACCIO Olivia,2532241,1,78.94,16.68,48.9,13.36,1,7oG,1.11,5.4,5.8,2,7op,0.98,7.9,6.7,2
FIS FREESTYLE SKI WORLD CUP 2026,2025-12-08,RUKA (FIN),Women's Moguls,Results Final 2,GIACCIO Olivia,2532241,2,78.64,17.23,46.9,14.51,1,7oG,1.11,7.1,7.4,2,7op,0.98,6.5,6.7,2
FIS FREESTYLE SKI WORLD CUP 2026,2025-12-08,RUKA (FIN),Women's Moguls,Results Qualification,GIACCIO Olivia,2532241,1,72.38,14.12,45.2,13.06,1,7oG,1.11,5.4,6.5,2,7op,0.98,6.4,6.8,2
FIS FREESTYLE SKI WORLD CUP 2026,2025-12-08,RUKA (FIN),Women's Moguls,Results Final 1,KAUF Jaelin,2529064,4,75.94,17.52,44.9,13.52,1,7oG,1.11,6.3,6.3,2,bG,0.92,6.6,7.6,3
FIS FREESTYLE SKI WORLD CUP 2026,2025-12-08,RUKA (FIN),Women's Moguls,Results Final 2,KAUF Jaelin,2529064,3,78.08,18.69,44.8,14.59,1,7oG,1.11,6.4,6.9,2,bG,0.92,7.8,7.9,3
FIS FREESTYLE SKI WORLD CUP 2026,2025-12-08,RUKA (FIN),Women's Moguls,Results Qualification,KAUF Jaelin,2529064,4,71.29,15.26,45.1,10.93,1,bp,0.81,5.3,6.5,2,bG,0.92,6.7,6.7,3
FIS FREESTYLE SKI WORLD CUP 2026,2026-01-09,VAL ST. COME (CAN),Men's Moguls,Results Final,KINGSBURY Mikael,2484937,1,85.83,17.54,51.6,16.69,1,bdF,1.05,7.9,7.9,2,10op,1.05,8.0,8.0,1
FIS FREESTYLE SKI WORLD CUP 2026,2026-01-09,VAL ST. COME (CAN),Men's Moguls,Results Qualification,KINGSBURY Mikael,2484937,3,81.51,15.89,48.2,17.42,1,bdF,1.05,8.0,8.1,2,10op,1.05,8.5,8.6,1
FIS FREESTYLE SKI WORLD CUP 2026,2026-01-09,VAL ST. COME (CAN),Men's Moguls,Results Final,GRAHAM Matt,2441426,2,83.5,17.89,50.6,15.01,1,bF,0.88,8.2,8.4,2,10op,1.05,7.2,7.5,2
FIS FREESTYLE SKI WORLD CUP 2026,2026-01-09,VAL ST. COME (CAN),Men's Moguls,Results Qualification,GRAHAM Matt,2441426,5,81.22,17.6,48.9,14.72,1,bF,0.88,7.7,8.0,2,10op,1.05,7.4,7.5,2
FIS FREESTYLE SKI WORLD CUP 2026,2026-01-09,VAL ST. COME (CAN),Men's Moguls,Results Final,PAGE Nick,2533462,3,80.96,16.14,48.4,16.42,1,7oG,1.01,8.1,8.2,2,10op,1.05,7.8,7.8,3
FIS FREESTYLE SKI WORLD CUP 2026,2026-01-09,VAL ST. COME (CAN),Men's Moguls,Results Qualification,PAGE Nick,2533462,14,74.94,16.49,44.9,13.55,1,7oG,1.01,6.0,6.5,2,10op,1.05,6.8,7.0,3
FIS FREESTYLE SKI WORLD CUP 2026,2026-01-16,WATERVILLE VALLEY RESORT (USA),Men's Moguls,Results Final 1,HORISHIMA Ikuma,2529645,1,83.71,16.31,51.0,16.4,1,bF,0.88,8.5,8.5,2,10op,1.05,8.3,8.7,1
FIS FREESTYLE SKI WORLD CUP 2026,2026-01-16,WATERVILLE VALLEY RESORT (USA),Men's Moguls,Results Final 2,HORISHIMA Ikuma,2529645,1,85.56,16.67,51.7,17.19,1,bF,0.88,9.2,9.0,2,10op,1.05,9.0,8.5,1
FIS FREESTYLE SKI WORLD CUP 2026,2026-01-16,WATERVILLE VALLEY RESORT (USA),Men's Moguls,Results Qualification,HORISHIMA Ikuma,2529645,1,81.52,16.09,49.9,15.53,1,bF,0.88,8.5,8.2,2,10op,1.05,7.8,7.8,1
FIS FREESTYLE SKI WORLD CUP 2026,2026-01-16,WATERVILLE VALLEY RESORT (USA),Men's Moguls,Results Final 1,GRAVENFORS Filip,2534858,2,81.76,16.64,48.5,16.62,1,10oG,1.2,7.9,8.3,2,7op,0.88,7.8,7.9,2
FIS FREESTYLE SKI WORLD CUP 2026,2026-01-16,WATERVILLE VALLEY RESORT (USA),Men's Moguls,Results Final 2,GRAVENFORS Filip,2534858,2,80.54,17.02,47.0,16.52,1,10oG,1.2,8.3,7.8,2,7op,0.88,7.8,7.8,2
FIS FREESTYLE SKI WORLD CUP 2026,2026-01-16,WATERVILLE VALLEY RESORT (USA),Men's Moguls,Results Qualification,GRAVENFORS Filip,2534858,11,74.3,14.97,46.1,13.23,1,10op,1.05,6.7,6.3,2,7oG,1.01,6.5,6.2,2
FIS FREESTYLE SKI WORLD CUP 2026,2026-01-16,WATERVILLE VALLEY RESORT (USA),Men's Moguls,Results Final 1,HIRAYAMA Shota,2531908,6,78.85,16.78,47.7,14.37,1,bF,0.88,8.2,7.7,2,bG,0.82,9.0,9.0,3
FIS FREESTYLE SKI WORLD CUP 2026,2026-01-16,WATERVILLE VALLEY RESORT (USA),Men's Moguls,Results Final 2,HIRAYAMA Shota,2531908,3,79.47,16.4,48.0,15.07,1,bF,0.88,7.3,7.8,2,7oG,1.01,8.4,8.3,3
FIS FREESTYLE SKI WORLD CUP 2026,2026-01-16,WATERVILLE VALLEY RESORT (USA),Men's Moguls,Results Qualification,HIRAYAMA Shota,2531908,7,76.61,15.82,47.0,13.79,1,bF,0.88,7.8,6.7,2,7oG,1.01,7.7,7.0,3
FIS FREESTYLE SKI WORLD CUP 2026,2026-01-16,WATERVILLE VALLEY RESORT (USA),Women's Moguls,Results Final 1,ANTHONY Jakara,2530720,1,81.59,16.57,48.3,16.72,1,7oG,1.11,8.2,8.1,2,bG,0.92,8.6,8.1,1
FIS FREESTYLE SKI WORLD CUP 2026,2026-01-16,WATERVILLE VALLEY RESORT (USA),Women's Moguls,Results Final 2,ANTHONY Jakara,2530720,1,81.17,15.49,49.0,16.68,1,7oG,1.11,7.8,8.1,2,bG,0.92,8.5,8.6,1
FIS FREESTYLE SKI WORLD CUP 2026,2026-01-16,WATERVILLE VALLEY RESORT (USA),Women's Moguls,Results Qualification,ANTHONY Jakara,2530720,1,80.04,16.79,48.8,14.45,1,7oG,1.11,7.2,7.4,2,bp,0.81,7.9,7.8,1
FIS FREESTYLE SKI WORLD CUP 2026,2026-01-16,WATERVILLE VALLEY RESORT (USA),Women's Moguls,Results Final 1,LEMLEY Elizabeth,2537762,4,75.62,13.87,47.1,14.65,1,7op,0.98,6.5,5.4,2,7oG,1.11,8.1,7.8,2
FIS FREESTYLE SKI WORLD CUP 2026,2026-01-16,WATERVILLE VALLEY RESORT (USA),Women's Moguls,Results Final 2,LEMLEY Elizabeth,2537762,2,78.12,15.57,47.4,15.15,1,7op,0.98,6.8,6.6,2,7oG,1.11,7.9,7.6,2
FIS FREESTYLE SKI WORLD CUP 2026,2026-01-16,WATERVILLE VALLEY RESORT (USA),Women's Moguls,Results Qualification,LEMLEY Elizabeth,2537762,3,75.84,15.62,45.1,15.12,1,lG,0.92,6.4,7.2,2,7oG,1.11,7.9,8.1,2
FIS FREESTYLE SKI WORLD CUP 2026,2026-01-16,WATERVILLE VALLEY RESORT (USA),Women's Moguls,Results Final 1,GIACCIO Olivia,2532241,2,77.14,16.94,45.8,14.4,1,7oG,1.11,6.7,6.9,2,7op,0.98,7.0,7.0,3
FIS FREESTYLE SKI WORLD CUP 2026,2026-01-16,WATERVILLE VALLEY RESORT (USA),Women's Moguls,Results Final 2,GIACCIO Olivia,2532241,3,76.6,15.59,46.5,14.51,1,7oG,1.11,6.8,6.3,2,7op,0.98,7.2,7.6,3
FIS FREESTYLE SKI WORLD CUP 2026,2026-01-16,WATERVILLE VALLEY RESORT (USA),Women's Moguls,Results Qualification,GIACCIO Olivia,2532241,2,76.71,16.53,46.4,13.78,1,7oG,1.11,5.9,5.8,2,7op,0.98,7.8,7.1,3
FIS FREESTYLE SKI WORLD CUP 2026,2026-02-28,NANTO-TOYAMA (JPN),Men's Moguls,Results Final 1,GRAHAM Matt,2441426,5,75.52,16.93,44.2,14.39,1,bF,0.88,8.5,7.4,2,10op,1.05,7.0,7.1,1
FIS FREESTYLE SKI WORLD CUP 2026,2026-02-28,NANTO-TOYAMA (JPN),Men's Moguls,Results Final 2,GRAHAM Matt,2441426,1,78.42,17.51,45.5,15.41,1,bF,0.88,8.3,8.0,2,10op,1.05,7.6,8.1,1
FIS FREESTYLE SKI WORLD CUP 2026,2026-02-28,NANTO-TOYAMA (JPN),Men's Moguls,Results Qualification,GRAHAM Matt,2441426,4,73.79,16.75,43.5,13.54,1,bF,0.88,8.5,7.6,2,7op,0.88,7.1,7.6,1
FIS FREESTYLE SKI WORLD CUP 2026,2026-02-28,NANTO-TOYAMA (JPN),Men's Moguls,Results Final 1,WENDLER Landon,2534140,2,77.0,16.17,45.6,15.23,1,7op,0.88,8.1,7.6,2,7oG,1.01,8.4,8.1,2
FIS FREESTYLE SKI WORLD CUP 2026,2026-02-28,NANTO-TOYAMA (JPN),Men's Moguls,Results Final 2,WENDLER Landon,2534140,2,78.21,17.28,45.4,15.53,1,7op,0.88,8.6,8.0,2,7oG,1.01,8.0,8.3,2
FIS FREESTYLE SKI WORLD CUP 2026,2026-02-28,NANTO-TOYAMA (JPN),Men's Moguls,Results Qualification,WENDLER Landon,2534140,9,72.31,17.15,42.8,12.36,1,7op,0.88,8.2,7.9,2,bp,0.71,7.6,7.3,2
FIS FREESTYLE SKI WORLD CUP 2026,2026-02-28,NANTO-TOYAMA (JPN),Men's Moguls,Results Final 1,HORISHIMA Ikuma,2529645,3,76.2,17.57,44.9,13.73,1,bF,0.88,7.0,6.8,2,10op,1.05,7.4,7.2,3
FIS FREESTYLE SKI WORLD CUP 2026,2026-02-28,NANTO-TOYAMA (JPN),Men's Moguls,Results Final 2,HORISHIMA Ikuma,2529645,3,75.63,18.58,42.3,14.75,1,bF,0.88,8.2,8.4,2,10op,1.05,7.1,7.1,3
FIS FREESTYLE SKI WORLD CUP 2026,2026-02-28,NANTO-TOYAMA (JPN),Men's Moguls,Results Qualification,HORISHIMA Ikuma,2529645,1,77.04,16.75,45.3,14.99,1,bF,0.88,8.0,8.3,2,10op,1.05,7.6,7.3,3
"FIS SNOWBOARD, FREESTYLE AND FREESKI WORLD CHAMPIONSHIPS 2023",2023-02-25,BAKURIANI (GEO),Men's Moguls,Results Final 1,KINGSBURY Mikael,2484937,1,89.1,17.03,54.7,17.37,1,bdF,1.05,8.0,8.4,2,10op,1.05,8.2,8.5,1
"FIS SNOWBOARD, FREESTYLE AND FREESKI WORLD CHAMPIONSHIPS 2023",2023-02-25,BAKURIANI (GEO),Men's Moguls,Results Final 2,KINGSBURY Mikael,2484937,1,89.82,18.17,53.6,18.05,1,bdF,1.05,9.0,8.5,2,10op,1.05,8.7,8.2,1
"FIS SNOWBOARD, FREESTYLE AND FREESKI WORLD CHAMPIONSHIPS 2023",2023-02-25,BAKURIANI (GEO),Men's Moguls,Results Qualification 1,KINGSBURY Mikael,2484937,1,87.38,18.36,53.1,15.92,1,bF,0.88,9.8,9.7,2,7op,0.88,8.3,8.4,1
"FIS SNOWBOARD, FREESTYLE AND FREESKI WORLD CHAMPIONSHIPS 2023",2023-02-25,BAKURIANI (GEO),Men's Moguls,Results Final 1,GRAHAM Matt,2441426,5,85.6,17.49,52.4,15.71,1,10op,1.05,8.4,8.3,2,7op,0.88,8.0,7.8,2
"FIS SNOWBOARD, FREESTYLE AND FREESKI WORLD CHAMPIONSHIPS 2023",2023-02-25,BAKURIANI (GEO),Men's Moguls,Results Final 2,GRAHAM Matt,2441426,2,88.9,18.92,53.0,16.98,1,10op,1.05,9.4,9.3,2,7op,0.88,8.1,8.2,2
"FIS SNOWBOARD, FREESTYLE AND FREESKI WORLD CHAMPIONSHIPS 2023",2023-02-25,BAKURIANI (GEO),Men's Moguls,Results Qualification 1,GRAHAM Matt,2441426,5,81.37,17.24,51.6,12.53,1,bF,0.88,7.0,7.1,2,7op,0.88,7.1,7.3,2
"FIS SNOWBOARD, FREESTYLE AND FREESKI WORLD CHAMPIONSHIPS 2023",2023-02-25,BAKURIANI (GEO),Men's Moguls,Results Final 1,WALLBERG Walter,2532001,2,88.2,17.96,53.7,16.54,1,bF,0.88,7.8,8.7,2,10op,1.05,8.9,8.8,3
"FIS SNOWBOARD, FREESTYLE AND FREESKI WORLD CHAMPIONSHIPS 2023",2023-02-25,BAKURIANI (GEO),Men's Moguls,Results Final 2,WALLBERG Walter,2532001,3,88.52,18.18,53.5,16.84,1,bF,0.88,9.1,8.9,2,10op,1.05,8.6,8.4,3
"FIS SNOWBOARD, FREESTYLE AND FREESKI WORLD CHAMPIONSHIPS 2023",2023-02-25,BAKURIANI (GEO),Men's Moguls,Results Qualification 1,WALLBERG Walter,2532001,4,82.42,17.03,51.8,13.59,1,bF,0.88,7.4,7.7,2,7op,0.88,7.9,7.9,3
"FIS SNOWBOARD, FREESTYLE AND FREESKI WORLD CHAMPIONSHIPS 2023",2023-02-25,BAKURIANI (GEO),Women's Moguls,Results Final 1,LAFFONT Perrine,2531156,1,87.6,19.45,53.1,15.05,1,bG,0.92,7.7,7.9,2,7op,0.98,8.3,7.8,1
"FIS SNOWBOARD, FREESTYLE AND FREESKI WORLD CHAMPIONSHIPS 2023",2023-02-25,BAKURIANI (GEO),Women's Moguls,Results Final 2,LAFFONT Perrine,2531156,1,87.4,19.23,52.4,15.77,1,bG,0.92,8.1,8.1,2,7op,0.98,8.6,8.4,1
"FIS SNOWBOARD, FREESTYLE AND FREESKI WORLD CHAMPIONSHIPS 2023",2023-02-25,BAKURIANI (GEO),Women's Moguls,Results Qualification 1,LAFFONT Perrine,2531156,1,83.93,18.92,50.8,14.21,1,bG,0.92,7.1,7.2,2,7op,0.98,7.9,7.7,1
"FIS SNOWBOARD, FREESTYLE AND FREESKI WORLD CHAMPIONSHIPS 2023",2023-02-25,BAKURIANI (GEO),Women's Moguls,Results Final 1,KAUF Jaelin,2529064,2,81.9,19.94,49.3,12.66,1,bG,0.92,7.8,7.6,2,bp,0.81,7.2,6.6,2
"FIS SNOWBOARD, FREESTYLE AND FREESKI WORLD CHAMPIONSHIPS 2023",2023-02-25,BAKURIANI (GEO),Women's Moguls,Results Final 2,KAUF Jaelin,2529064,2,83.56,19.83,49.8,13.93,1,bG,0.92,8.1,8.4,2,bp,0.81,7.8,7.9,2
"FIS SNOWBOARD, FREESTYLE AND FREESKI WORLD CHAMPIONSHIPS 2023",2023-02-25,BAKURIANI (GEO),Women's Moguls,Results Qualification 1,KAUF Jaelin,2529064,2,79.73,19.09,48.9,11.74,1,bG,0.92,6.9,7.3,2,bp,0.81,6.4,6.5,2
"FIS SNOWBOARD, FREESTYLE AND FREESKI WORLD CHAMPIONSHIPS 2023",2023-02-25,BAKURIANI (GEO),Women's Moguls,Results Final 1,CARROLL Avital,2529074,4,79.32,18.77,43.8,16.75,1,7oG,1.11,8.2,8.4,2,bG,0.92,8.4,8.0,3
"FIS SNOWBOARD, FREESTYLE AND FREESKI WORLD CHAMPIONSHIPS 2023",2023-02-25,BAKURIANI (GEO),Women's Moguls,Results Final 2,CARROLL Avital,2529074,3,80.19,19.14,45.8,15.25,1,7oG,1.11,6.8,7.2,2,bG,0.92,7.9,8.4,3
"FIS SNOWBOARD, FREESTYLE AND FREESKI WORLD CHAMPIONSHIPS 2023",2023-02-25,BAKURIANI (GEO),Women's Moguls,Results Qualification 1,CARROLL Avital,2529074,7,72.47,18.29,41.4,12.78,1,bp,0.81,7.2,7.0,2,bG,0.92,7.8,7.5,3
"FIS Snowboard, Freestyle and Freeski World Championships 2025",2025-03-19,ST. MORITZ / ENGADIN (SUI),Men's Moguls,Results Final 1,HORISHIMA Ikuma,2529645,1,85.47,16.79,51.1,17.58,1,bdF,1.05,7.9,7.9,2,10op,1.05,8.7,9.0,1
"FIS Snowboard, Freestyle and Freeski World Championships 2025",2025-03-19,ST. MORITZ / ENGADIN (SUI),Men's Moguls,Results Final 2,HORISHIMA Ikuma,2529645,1,89.03,17.65,52.2,19.18,1,bdF,1.05,8.7,8.8,2,14op,1.22,8.5,9.0,1
"FIS Snowboard, Freestyle and Freeski World Championships 2025",2025-03-19,ST. MORITZ / ENGADIN (SUI),Men's Moguls,Results Final 1,KINGSBURY Mikael,2484937,3,82.53,16.95,49.5,16.08,1,bF,0.88,8.9,8.7,2,10op,1.05,8.0,7.9,2
"FIS Snowboard, Freestyle and Freeski World Championships 2025",2025-03-19,ST. MORITZ / ENGADIN (SUI),Men's Moguls,Results Final 2,KINGSBURY Mikael,2484937,2,82.68,17.36,49.1,16.22,1,bdF,1.05,8.5,8.6,2,10op,1.05,7.0,6.8,2
"FIS Snowboard, Freestyle and Freeski World Championships 2025",2025-03-19,ST. MORITZ / ENGADIN (SUI),Men's Moguls,Results Final 1,JUNG Daeyoon,2534856,2,82.9,16.81,47.5,18.59,1,10oG,1.2,7.8,8.3,2,7oG,1.01,8.7,9.0,3
"FIS Snowboard, Freestyle and Freeski World Championships 2025",2025-03-19,ST. MORITZ / ENGADIN (SUI),Men's Moguls,Results Final 2,JUNG Daeyoon,2534856,3,81.76,17.14,47.3,17.32,1,10oG,1.2,8.6,8.5,2,7oG,1.01,7.3,7.2,3
"FIS Snowboard, Freestyle and Freeski World Championships 2025",2025-03-19,ST. MORITZ / ENGADIN (SUI),Women's Moguls,Results Final 1,LAFFONT Perrine,2531156,1,76.23,17.87,45.8,12.56,1,bp,0.81,7.3,6.8,2,7op,0.98,7.1,6.9,1
"FIS Snowboard, Freestyle and Freeski World Championships 2025",2025-03-19,ST. MORITZ / ENGADIN (SUI),Women's Moguls,Results Final 2,LAFFONT Perrine,2531156,1,77.92,17.34,47.0,13.58,1,bp,0.81,7.5,7.3,2,7op,0.98,7.6,7.9,1
"FIS Snowboard, Freestyle and Freeski World Championships 2025",2025-03-19,ST. MORITZ / ENGADIN (SUI),Women's Moguls,Results Final 1,TOMITAKA Hinako,2532031,6,73.34,16.18,47.1,10.06,1,bG,0.92,4.6,4.2,2,7op,0.98,6.2,6.1,2
"FIS Snowboard, Freestyle and Freeski World Championships 2025",2025-03-19,ST. MORITZ / ENGADIN (SUI),Women's Moguls,Results Final 2,TOMITAKA Hinako,2532031,2,75.15,16.49,46.1,12.56,1,bG,0.92,5.5,5.2,2,7op,0.98,7.7,7.9,2
"FIS Snowboard, Freestyle and Freeski World Championships 2025",2025-03-19,ST. MORITZ / ENGADIN (SUI),Women's Moguls,Results Final 1,SCHWINGHAMMER,2533204,3,75.57,15.89,44.7,14.98,1,7op,0.98,7.5,7.8,2,bG,0.92,7.9,8.4,3
"FIS Snowboard, Freestyle and Freeski World Championships 2025",2025-03-19,ST. MORITZ / ENGADIN (SUI),Women's Moguls,Results Final 2,SCHWINGHAMMER,2533204,3,74.92,16.8,43.9,14.22,1,7op,0.98,6.5,6.3,2,bG,0.92,8.7,8.6,3
