event,event_date,venue,discipline,round,athlete,fis_code,country,rank,run_score,time_points,turns_total,air_total,jump_1_jump_number,jump_1_type,jump_1_degree_diff,jump_1_judge_6_score,jump_1_judge_7_score,jump_2_jump_number,jump_2_type,jump_2_degree_diff,jump_2_judge_6_score,jump_2_judge_7_score
FIS FREESTYLE SKI WORLD CUP 2023,2022-12-03,RUKA (FIN),Women's Moguls,Results Final 1,ANTHONY Jakara,2530720,AUS,2,77.58,17.18,49.1,11.3,1,7oG,1.11,2.2,4.0,2,bG,0.92,8.6,8.5
FIS FREESTYLE SKI WORLD CUP 2023,2022-12-10,IDRE FJÄLL (SWE),Women's Moguls,Results Final 1,ANTHONY Jakara,2530720,AUS,1,81.6,17.34,47.7,16.56,1,7oG,1.11,7.8,8.3,2,bG,0.92,8.4,8.2
FIS FREESTYLE SKI WORLD CUP 2023,2022-12-16,ALPE D'HUEZ (FRA),Women's Moguls,Results Final 1,ANTHONY Jakara,2530720,AUS,1,80.68,16.14,47.6,16.94,1,7oG,1.11,8.0,8.2,2,bG,0.92,8.7,8.6
FIS FREESTYLE SKI WORLD CUP 2023,2023-01-27,VAL ST. COME (CAN),Women's Moguls,Results Final 1,ANTHONY Jakara,2530720,AUS,1,83.23,18.33,47.5,17.4,1,7oG,1.11,8.3,8.4,2,bG,0.92,8.9,8.8
FIS FREESTYLE SKI WORLD CUP 2023,2023-02-02,DEER VALLEY (USA),Women's Moguls,Results Final 1,ANTHONY Jakara,2530720,AUS,2,80.29,17.53,46.6,16.16,1,7oG,1.11,7.9,7.9,2,bG,0.92,8.1,8.0
"FIS SNOWBOARD, FREESTYLE AND FREESKI WORLD CHAMPIONSHIPS 2023",2023-02-25,BAKURIANI (GEO),Women's Moguls,Results Final 1,ANTHONY Jakara,2530720,AUS,17,55.29,13.89,28.1,13.3,1,7oG,1.11,6.8,6.6,2,bp,0.81,7.5,7.0
FIS FREESTYLE SKI WORLD CUP 2024,2023-12-02,RUKA (FIN),Women's Moguls,Results Final 1,ANTHONY Jakara,2530720,AUS,1,83.12,19.4,46.5,17.22,1,7oG,1.11,8.0,7.8,2,bG,0.92,9.4,9.0
FIS FREESTYLE SKI WORLD CUP 2024,2023-12-08,IDRE FJÄLL (SWE),Women's Moguls,Results Final 1,ANTHONY Jakara,2530720,AUS,1,83.24,16.25,49.8,17.19,1,7oG,1.11,8.5,8.4,2,bG,0.92,8.6,8.4
FIS FREESTYLE SKI WORLD CUP 2024,2023-12-15,ALPE D'HUEZ (FRA),Women's Moguls,Results Final 1,ANTHONY Jakara,2530720,AUS,1,80.42,18.4,47.5,14.52,1,7oG,1.11,7.1,7.1,2,bp,0.81,8.2,8.2
FIS FREESTYLE SKI WORLD CUP 2024,2023-12-22,BAKURIANI (GEO),Women's Moguls,Results Final 1,ANTHONY Jakara,2530720,AUS,1,75.48,16.53,44.5,14.45,1,7oG,1.11,7.0,7.3,2,bp,0.81,8.1,8.0
FIS FREESTYLE SKI WORLD CUP 2024,2024-01-19,VAL ST. COME (CAN),Women's Moguls,Results Final 1,ANTHONY Jakara,2530720,AUS,1,81.18,17.97,47.4,15.81,1,7oG,1.11,7.2,7.3,2,bG,0.92,8.4,8.5
FIS FREESTYLE SKI WORLD CUP 2024,2024-01-26,WATERVILLE (USA),Women's Moguls,Results Final 1,ANTHONY Jakara,2530720,AUS,1,81.4,17.96,47.0,16.44,1,7oG,1.11,8.5,8.3,2,bp,0.81,9.0,8.6
FIS FREESTYLE SKI WORLD CUP 2024,2024-02-01,DEER VALLEY (USA),Women's Moguls,Results Final 1,ANTHONY Jakara,2530720,AUS,13,44.73,11.22,27.4,6.11,1,7oG,1.11,0.2,0.1,2,bp,0.81,7.4,7.3
FIS FREESTYLE SKI WORLD CUP 2024,2024-03-08,ALMATY (KAZ),Women's Moguls,Results Final 1,ANTHONY Jakara,2530720,AUS,1,82.61,18.53,49.6,14.48,1,7oG,1.11,7.3,7.5,2,bp,0.81,7.5,8.0
FIS FREESTYLE SKI WORLD CUP 2025,2024-11-30,RUKA (FIN),Women's Moguls,Results Final 1,ANTHONY Jakara,2530720,AUS,2,77.51,15.93,46.8,14.78,1,7oG,1.11,8.1,8.4,2,bp,0.81,6.9,7.0
FIS FREESTYLE SKI WORLD CUP 2025,2024-12-06,IDRE FJÄLL (SWE),Women's Moguls,Results Final 1,ANTHONY Jakara,2530720,AUS,1,80.36,16.98,46.9,16.48,1,7oG,1.11,8.2,8.3,2,bp,0.81,8.9,9.2
FIS FREESTYLE SKI WORLD CUP 2026,2025-12-07,RUKA (FIN),Women's Moguls,Results Final 1,ANTHONY Jakara,2530720,AUS,2,77.35,16.85,45.9,14.6,1,7oG,1.11,7.0,7.2,2,bp,0.81,8.6,8.0
FIS FREESTYLE SKI WORLD CUP 2026,2025-12-08,RUKA (FIN),Women's Moguls,Results Final 1,ANTHONY Jakara,2530720,AUS,2,78.54,16.48,47.4,14.66,1,7oG,1.11,7.0,6.5,2,bG,0.92,7.6,8.0
FIS FREESTYLE SKI WORLD CUP 2026,2026-01-16,WATERVILLE VALLEY RESORT (USA),Women's Moguls,Results Final 1,ANTHONY Jakara,2530720,AUS,1,81.59,16.57,48.3,16.72,1,7oG,1.11,8.2,8.1,2,bG,0.92,8.6,8.1
FIS FREESTYLE SKI WORLD CUP 2026,2026-02-28,NANTO-TOYAMA (JPN),Women's Moguls,Results Final 1,ANTHONY Jakara,2530720,AUS,13,62.49,20.0,31.9,10.59,1,7oG,1.11,7.9,7.7,2,bp,0.81,1.8,3.0
FIS FREESTYLE SKI WORLD CUP 2023,2022-12-03,RUKA (FIN),Women's Moguls,Results Final 2,ANTHONY Jakara,2530720,AUS,1,81.69,17.64,48.2,15.85,1,7oG,1.11,8.2,8.2,2,bG,0.92,7.3,7.4
FIS FREESTYLE SKI WORLD CUP 2023,2022-12-10,IDRE FJÄLL (SWE),Women's Moguls,Results Final 2,ANTHONY Jakara,2530720,AUS,1,81.75,17.78,48.3,15.67,1,7oG,1.11,7.3,7.1,2,bG,0.92,8.5,8.2
FIS FREESTYLE SKI WORLD CUP 2023,2022-12-16,ALPE D'HUEZ (FRA),Women's Moguls,Results Final 2,ANTHONY Jakara,2530720,AUS,1,79.7,16.24,47.5,15.96,1,7oG,1.11,7.5,7.1,2,bG,0.92,8.4,8.7
FIS FREESTYLE SKI WORLD CUP 2023,2023-01-27,VAL ST. COME (CAN),Women's Moguls,Results Final 2,ANTHONY Jakara,2530720,AUS,2,81.88,18.25,46.7,16.93,1,7oG,1.11,8.1,8.0,2,bG,0.92,8.6,8.8
FIS FREESTYLE SKI WORLD CUP 2023,2023-02-02,DEER VALLEY (USA),Women's Moguls,Results Final 2,ANTHONY Jakara,2530720,AUS,1,80.15,18.12,46.4,15.63,1,7oG,1.11,7.6,7.4,2,bG,0.92,8.0,7.9
FIS FREESTYLE SKI WORLD CUP 2024,2023-12-02,RUKA (FIN),Women's Moguls,Results Final 2,ANTHONY Jakara,2530720,AUS,1,84.18,19.65,46.7,17.83,1,7oG,1.11,8.4,8.5,2,bG,0.92,9.2,9.2
FIS FREESTYLE SKI WORLD CUP 2024,2023-12-08,IDRE FJÄLL (SWE),Women's Moguls,Results Final 2,ANTHONY Jakara,2530720,AUS,1,79.74,15.93,47.1,16.71,1,7oG,1.11,7.7,8.0,2,bG,0.92,9.1,8.3
FIS FREESTYLE SKI WORLD CUP 2024,2023-12-15,ALPE D'HUEZ (FRA),Women's Moguls,Results Final 2,ANTHONY Jakara,2530720,AUS,1,79.98,18.54,46.7,14.74,1,7oG,1.11,8.3,8.2,2,bp,0.81,7.1,6.7
FIS FREESTYLE SKI WORLD CUP 2024,2023-12-22,BAKURIANI (GEO),Women's Moguls,Results Final 2,ANTHONY Jakara,2530720,AUS,1,79.08,16.53,46.5,16.05,1,7oG,1.11,8.0,8.1,2,bp,0.81,8.9,8.7
FIS FREESTYLE SKI WORLD CUP 2024,2024-01-19,VAL ST. COME (CAN),Women's Moguls,Results Final 2,ANTHONY Jakara,2530720,AUS,1,82.01,17.7,47.8,16.51,1,7oG,1.11,7.8,7.8,2,bG,0.92,8.4,8.7
FIS FREESTYLE SKI WORLD CUP 2024,2024-01-26,WATERVILLE (USA),Women's Moguls,Results Final 2,ANTHONY Jakara,2530720,AUS,1,81.22,18.02,47.6,15.6,1,7oG,1.11,8.3,7.8,2,bp,0.81,8.6,7.9
FIS FREESTYLE SKI WORLD CUP 2025,2024-11-30,RUKA (FIN),Women's Moguls,Results Final 2,ANTHONY Jakara,2530720,AUS,2,80.0,15.71,47.3,16.99,1,7oG,1.11,8.1,8.1,2,bG,0.92,8.5,8.9
FIS FREESTYLE SKI WORLD CUP 2025,2024-12-06,IDRE FJÄLL (SWE),Women's Moguls,Results Final 2,ANTHONY Jakara,2530720,AUS,1,82.94,17.56,48.2,17.18,1,7oG,1.11,8.5,8.9,2,bp,0.81,9.3,9.3
FIS FREESTYLE SKI WORLD CUP 2026,2025-12-08,RUKA (FIN),Women's Moguls,Results Final 2,ANTHONY Jakara,2530720,AUS,1,79.89,17.46,47.6,14.83,1,7oG,1.11,6.9,6.5,2,bG,0.92,8.1,8.0
FIS FREESTYLE SKI WORLD CUP 2026,2026-01-16,WATERVILLE VALLEY RESORT (USA),Women's Moguls,Results Final 2,ANTHONY Jakara,2530720,AUS,1,81.17,15.49,49.0,16.68,1,7oG,1.11,7.8,8.1,2,bG,0.92,8.5,8.6
FIS FREESTYLE SKI WORLD CUP 2024,2024-03-08,ALMATY (KAZ),Women's Moguls,Results Overall,ANTHONY Jakara,2530720,AUS,1,82.74,18.23,49.1,15.41,1,7oG,1.11,7.6,8.0,2,bp,0.81,8.2,8.5
FIS FREESTYLE SKI WORLD CUP 2023,2022-12-03,RUKA (FIN),Women's Moguls,Results Qualification,ANTHONY Jakara,2530720,AUS,2,78.2,15.61,46.6,15.99,1,7oG,1.11,7.4,7.5,2,bG,0.92,8.6,8.2
FIS FREESTYLE SKI WORLD CUP 2023,2022-12-09,IDRE FJÄLL (SWE),Women's Moguls,Results Qualification,ANTHONY Jakara,2530720,AUS,1,80.21,17.37,47.4,15.44,1,7oG,1.11,7.0,7.0,2,bG,0.92,8.3,8.4
FIS FREESTYLE SKI WORLD CUP 2023,2022-12-15,ALPE D'HUEZ (FRA),Women's Moguls,Results Qualification,ANTHONY Jakara,2530720,AUS,1,75.38,14.71,46.1,14.57,1,7oG,1.11,6.8,7.5,2,bp,0.81,8.3,8.1
FIS FREESTYLE SKI WORLD CUP 2023,2023-01-27,VAL ST. COME (CAN),Women's Moguls,Results Qualification,ANTHONY Jakara,2530720,AUS,1,83.68,17.55,48.8,17.33,1,7oG,1.11,8.2,8.2,2,bG,0.92,9.0,8.9
FIS FREESTYLE SKI WORLD CUP 2023,2023-02-02,DEER VALLEY (USA),Women's Moguls,Results Qualification,ANTHONY Jakara,2530720,AUS,1,79.13,16.69,47.0,15.44,1,7oG,1.11,7.6,7.4,2,bG,0.92,8.4,7.1
FIS FREESTYLE SKI WORLD CUP 2024,2023-12-02,RUKA (FIN),Women's Moguls,Results Qualification,ANTHONY Jakara,2530720,AUS,1,82.73,18.16,47.7,16.87,1,7oG,1.11,7.8,7.7,2,bG,0.92,9.1,8.9
FIS FREESTYLE SKI WORLD CUP 2024,2023-12-07,IDRE FJÄLL (SWE),Women's Moguls,Results Qualification,ANTHONY Jakara,2530720,AUS,1,75.62,14.73,46.9,13.99,1,7oG,1.11,5.9,5.9,2,bG,0.92,8.1,8.1
FIS FREESTYLE SKI WORLD CUP 2024,2023-12-15,ALPE D'HUEZ (FRA),Women's Moguls,Results Qualification,ANTHONY Jakara,2530720,AUS,1,80.84,17.8,47.2,15.84,1,7oG,1.11,8.0,7.8,2,bG,0.92,7.8,7.6
FIS FREESTYLE SKI WORLD CUP 2024,2023-12-22,BAKURIANI (GEO),Women's Moguls,Results Qualification,ANTHONY Jakara,2530720,AUS,1,77.15,15.77,46.1,15.28,1,7oG,1.11,7.5,7.8,2,bp,0.81,8.5,8.3
FIS FREESTYLE SKI WORLD CUP 2024,2024-01-19,VAL ST. COME (CAN),Women's Moguls,Results Qualification,ANTHONY Jakara,2530720,AUS,1,81.48,18.45,47.4,15.63,1,7oG,1.11,7.8,7.7,2,bG,0.92,7.5,7.8
FIS FREESTYLE SKI WORLD CUP 2024,2024-01-26,WATERVILLE (USA),Women's Moguls,Results Qualification,ANTHONY Jakara,2530720,AUS,1,71.87,15.92,40.9,15.05,1,7oG,1.11,8.1,7.8,2,bp,0.81,7.8,7.6
FIS FREESTYLE SKI WORLD CUP 2024,2024-02-01,DEER VALLEY (USA),Women's Moguls,Results Qualification,ANTHONY Jakara,2530720,AUS,1,79.8,15.09,48.8,15.91,1,7oG,1.11,7.7,6.9,2,bG,0.92,8.8,8.2
FIS FREESTYLE SKI WORLD CUP 2024,2024-03-08,ALMATY (KAZ),Women's Moguls,Results Qualification,ANTHONY Jakara,2530720,AUS,1,81.13,17.2,48.9,15.03,1,7oG,1.11,7.9,7.3,2,bp,0.81,8.2,8.1
FIS FREESTYLE SKI WORLD CUP 2025,2024-11-30,RUKA (FIN),Women's Moguls,Results Qualification,ANTHONY Jakara,2530720,AUS,1,77.67,14.61,47.3,15.76,1,7oG,1.11,8.0,8.0,2,bp,0.81,8.4,8.6
FIS FREESTYLE SKI WORLD CUP 2025,2024-12-06,IDRE FJÄLL (SWE),Women's Moguls,Results Qualification,ANTHONY Jakara,2530720,AUS,2,77.39,15.44,45.3,16.65,1,7oG,1.11,8.4,9.0,2,bp,0.81,8.6,8.7
FIS FREESTYLE SKI WORLD CUP 2026,2025-12-07,RUKA (FIN),Women's Moguls,Results Qualification,ANTHONY Jakara,2530720,AUS,3,71.57,16.37,41.0,14.2,1,7oG,1.11,7.1,7.2,2,bp,0.81,7.6,7.9
FIS FREESTYLE SKI WORLD CUP 2026,2025-12-08,RUKA (FIN),Women's Moguls,Results Qualification,ANTHONY Jakara,2530720,AUS,3,71.68,15.62,43.4,12.66,1,7oG,1.11,6.6,6.6,2,bp,0.81,6.5,6.7
FIS FREESTYLE SKI WORLD CUP 2026,2026-01-09,VAL ST. COME (CAN),Women's Moguls,Results Qualification,ANTHONY Jakara,2530720,AUS,1,79.83,14.98,48.9,15.95,1,7oG,1.11,7.8,7.9,2,bp,0.81,9.0,8.9
FIS FREESTYLE SKI WORLD CUP 2026,2026-01-16,WATERVILLE VALLEY RESORT (USA),Women's Moguls,Results Qualification,ANTHONY Jakara,2530720,AUS,1,80.04,16.79,48.8,14.45,1,7oG,1.11,7.2,7.4,2,bp,0.81,7.9,7.8
FIS FREESTYLE SKI WORLD CUP 2026,2026-02-28,NANTO-TOYAMA (JPN),Women's Moguls,Results Qualification,ANTHONY Jakara,2530720,AUS,2,74.29,15.82,43.1,15.37,1,7oG,1.11,8.0,7.3,2,bp,0.81,8.7,8.3
"FIS SNOWBOARD, FREESTYLE AND FREESKI WORLD CHAMPIONSHIPS 2023",2023-02-25,BAKURIANI (GEO),Women's Moguls,Results Qualification 1,ANTHONY Jakara,2530720,AUS,6,73.47,15.6,43.8,14.07,1,7oG,1.11,6.9,6.5,2,bp,0.81,8.1,8.3
2024 FIS FREESTYLE NORAM CUP MOGULS,2024-02-24,VAL S TCOME (CAN),Women's Moguls,QUALIFICATION RUN 1 RESULTS Final 1,BOSCO Emma,2532927,AUS,6,63.17,11.15,41.4,10.62,1,bG,0.92,5.6,5.0,2,bL,0.81,6.9,7.3
2025 FIS FREESTYLE SKI NORAM CUP,2025-02-12,DEER VALLEY RESORT (USA),Women's Moguls,QUALIFICATION RUN 1 RESULTS Final 1,BOSCO Emma,2532927,AUS,12,59.63,8.03,40.8,10.8,1,bG,0.92,5.7,6.0,2,bL,0.81,6.9,6.5
2025 FIS FREESTYLE NORAM CUP,2025-03-01,STRATTON MOUNTAIN RESORT (USA),Women's Moguls,QUALIFICATION RUN 1 RESULTS Final 1,BOSCO Emma,2532927,AUS,15,40.23,10.18,21.1,8.95,1,bG,0.92,4.3,5.0,2,bT,0.78,6.0,6.0
2024 FIS FREESTYLE NORAM CUP MOGULS,2024-02-24,VAL S TCOME (CAN),Women's Moguls,QUALIFICATION RUN 1 RESULTS Final 2,BOSCO Emma,2532927,AUS,4,63.09,10.68,41.9,10.51,1,bG,0.92,5.9,5.0,2,bL,0.81,6.6,7.0
2024 FIS FREESTYLE NORAM CUP,2024-02-07,DEER VALLEY RESORT (USA),Women's Moguls,QUALIFICATION RUN 1 RESULTS Qualification,BOSCO Emma,2532927,AUS,2,62.64,11.82,39.4,11.42,1,bG,0.92,6.7,6.6,2,bL,0.81,6.0,7.1
2024 FIS FREESTYLE NORAM CUP,2024-02-12,APEX MOUNTAIN RESORT (CAN),Women's Moguls,QUALIFICATION RUN 1 RESULTS Qualification,BOSCO Emma,2532927,AUS,24,65.3,14.05,39.0,12.25,1,bG,0.92,7.2,7.3,2,bL,0.81,7.0,6.8
2024 FIS FREESTYLE NORAM CUP MOGULS,2024-02-24,VAL S TCOME (CAN),Women's Moguls,QUALIFICATION RUN 1 RESULTS Qualification,BOSCO Emma,2532927,AUS,5,58.94,9.62,41.0,8.32,1,S,0.48,6.4,5.7,2,bL,0.81,6.5,6.9
2024 FIS FREESTYLE NORAM CUP FINALS,2024-03-01,"STRATTON, VT (USA)",Women's Moguls,QUALIFICATION RUN 1 RESULTS Qualification,BOSCO Emma,2532927,AUS,17,63.35,13.52,38.4,11.43,1,bF,0.98,6.2,6.4,2,bL,0.81,6.8,6.2
2025 FIS FREESTYLE SKI NORAM CUP,2025-02-12,DEER VALLEY RESORT (USA),Women's Moguls,QUALIFICATION RUN 1 RESULTS Qualification,BOSCO Emma,2532927,AUS,9,57.45,8.4,37.7,11.35,1,bG,0.92,6.4,6.6,2,bL,0.81,6.8,6.5
2025 FIS FREESTYLE NORAM CUP,2025-03-01,STRATTON MOUNTAIN RESORT (USA),Women's Moguls,QUALIFICATION RUN 1 RESULTS Qualification,BOSCO Emma,2532927,AUS,7,67.86,12.68,42.5,12.68,1,bG,0.92,6.2,7.3,2,bL,0.81,7.9,8.1
FIS FREESTYLE SKI WORLD CUP 2025,2025-01-24,WATERVILLE (USA),Women's Moguls,Results Qualification,BOSCO Emma,2532927,AUS,27,55.77,13.02,33.9,8.85,1,bG,0.92,3.8,4.1,2,bL,0.81,7.1,5.8
FIS FREESTYLE SKI WORLD CUP 2025,2025-01-31,VAL ST. COME (CAN),Women's Moguls,Results Qualification,BOSCO Emma,2532927,AUS,39,21.55,8.97,1.5,11.08,1,bG,0.92,6.0,5.5,2,bL,0.81,7.2,7.1
FIS FREESTYLE SKI WORLD CUP 2025,2025-02-06,DEER VALLEY (USA),Women's Moguls,Results Qualification,BOSCO Emma,2532927,AUS,18,56.31,10.54,33.6,12.17,1,bG,0.92,6.1,6.1,2,bL,0.81,8.1,8.1
"FIS Snowboard, Freestyle and Freeski World Championships 2025",2025-03-18,ST. MORITZ / ENGADIN (SUI),Women's Moguls,Results Qualification,BOSCO Emma,2532927,AUS,22,61.88,13.07,38.8,10.01,1,bG,0.92,4.8,5.0,2,bL,0.81,6.6,7.0
FIS FREESTYLE SKI WORLD CUP 2026,2025-12-07,RUKA (FIN),Women's Moguls,Results Qualification,BOSCO Emma,2532927,AUS,25,57.57,11.64,35.9,10.03,1,bG,0.92,5.0,5.3,2,bL,0.81,6.8,6.3
FIS FREESTYLE SKI WORLD CUP 2026,2025-12-08,RUKA (FIN),Women's Moguls,Results Qualification,BOSCO Emma,2532927,AUS,20,58.25,11.59,37.9,8.76,1,bG,0.92,3.8,3.4,2,bL,0.81,6.8,6.7
FIS FREESTYLE SKI WORLD CUP 2026,2026-01-09,VAL ST. COME (CAN),Women's Moguls,Results Qualification,BOSCO Emma,2532927,AUS,27,60.1,13.72,37.5,8.88,1,bG,0.92,5.2,5.5,2,bL,0.81,5.4,4.4
FIS FREESTYLE SKI WORLD CUP 2026,2026-01-16,WATERVILLE VALLEY RESORT (USA),Women's Moguls,Results Qualification,BOSCO Emma,2532927,AUS,23,62.99,12.33,41.1,9.56,1,bG,0.92,4.8,5.7,2,bL,0.81,5.6,6.1
2025 FIS FREESTYLE NORAM CUP,2025-03-01,STRATTON MOUNTAIN RESORT (USA),Women's Moguls,QUALIFICATION RUN 1 RESULTS Final 1,COOTE Xanthia,2538150,AUS,6,70.35,13.06,44.4,12.89,1,bG,0.92,6.9,7.6,2,bp,0.81,7.5,7.9
2025 FIS FREESTYLE NORAM CUP,2025-03-01,STRATTON MOUNTAIN RESORT (USA),Women's Moguls,QUALIFICATION RUN 1 RESULTS Final 2,COOTE Xanthia,2538150,AUS,6,42.8,11.93,24.0,6.87,1,bG,0.92,6.8,7.1,2,S,0.48,1.0,1.0
2024 FIS FREESTYLE NORAM CUP,2024-02-12,APEX MOUNTAIN RESORT (CAN),Women's Moguls,QUALIFICATION RUN 1 RESULTS Qualification,COOTE Xanthia,2538150,AUS,27,61.55,15.29,32.5,13.76,1,3,0.78,8.2,9.0,2,bT,0.78,8.6,9.5
2024 FIS FREESTYLE NORAM CUP MOGULS,2024-02-24,VAL S TCOME (CAN),Women's Moguls,QUALIFICATION RUN 1 RESULTS Qualification,COOTE Xanthia,2538150,AUS,34,13.48,2.6,2.2,8.68,1,3,0.78,4.8,4.6,2,bT,0.78,6.6,6.3
2024 FIS FREESTYLE NORAM CUP FINALS,2024-03-01,"STRATTON, VT (USA)",Women's Moguls,QUALIFICATION RUN 1 RESULTS Qualification,COOTE Xanthia,2538150,AUS,39,28.51,8.25,9.2,11.06,1,bG,0.92,6.1,6.6,2,bp,0.81,6.5,6.4
2025 FIS FREESTYLE NORAM CUP,2025-03-01,STRATTON MOUNTAIN RESORT (USA),Women's Moguls,QUALIFICATION RUN 1 RESULTS Qualification,COOTE Xanthia,2538150,AUS,3,70.1,12.73,45.7,11.67,1,bG,0.92,5.2,6.2,2,bp,0.81,8.3,7.6
FIS FREESTYLE SKI WORLD CUP 2025,2025-01-31,VAL ST. COME (CAN),Women's Moguls,Results Qualification,COOTE Xanthia,2538150,AUS,31,41.8,10.89,20.5,10.41,1,bT,0.78,6.9,7.3,2,bG,0.92,5.0,5.6
FIS FREESTYLE SKI WORLD CUP 2026,2026-01-09,VAL ST. COME (CAN),Men's Moguls,Results Final,GRAHAM Matt,2441426,AUS,2,83.5,17.89,50.6,15.01,1,bF,0.88,8.2,8.4,2,10op,1.05,7.2,7.5
FIS FREESTYLE SKI WORLD CUP 2023,2022-12-03,RUKA (FIN),Men's Moguls,Results Final 1,GRAHAM Matt,2441426,AUS,4,80.73,15.38,48.4,16.95,1,bdF,1.05,8.3,8.3,2,10op,1.05,7.9,7.8
FIS FREESTYLE SKI WORLD CUP 2023,2022-12-10,IDRE FJÄLL (SWE),Men's Moguls,Results Final 1,GRAHAM Matt,2441426,AUS,2,79.32,16.92,46.5,15.9,1,bdF,1.05,8.2,7.7,2,10op,1.05,7.3,7.1
FIS FREESTYLE SKI WORLD CUP 2023,2022-12-16,ALPE D'HUEZ (FRA),Men's Moguls,Results Final 1,GRAHAM Matt,2441426,AUS,7,77.18,15.6,46.0,15.58,1,bdF,1.05,7.8,8.3,2,10op,1.05,6.9,6.7
FIS FREESTYLE SKI WORLD CUP 2023,2023-01-27,VAL ST. COME (CAN),Men's Moguls,Results Final 1,GRAHAM Matt,2441426,AUS,6,78.49,17.23,47.4,13.86,1,bdF,1.05,6.8,6.3,2,7op,0.88,8.1,7.8
FIS FREESTYLE SKI WORLD CUP 2023,2023-02-02,DEER VALLEY (USA),Men's Moguls,Results Final 1,GRAHAM Matt,2441426,AUS,1,81.27,17.96,49.1,14.21,1,10op,1.05,7.1,7.5,2,7op,0.88,7.6,7.3
"FIS SNOWBOARD, FREESTYLE AND FREESKI WORLD CHAMPIONSHIPS 2023",2023-02-25,BAKURIANI (GEO),Men's Moguls,Results Final 1,GRAHAM Matt,2441426,AUS,5,85.6,17.49,52.4,15.71,1,10op,1.05,8.4,8.3,2,7op,0.88,8.0,7.8
FIS FREESTYLE SKI WORLD CUP 2023,2023-03-17,ALMATY (KAZ),Men's Moguls,Results Final 1,GRAHAM Matt,2441426,AUS,5,78.47,17.64,47.0,13.83,1,10op,1.05,7.5,7.8,2,7op,0.88,6.5,6.7
FIS FREESTYLE SKI WORLD CUP 2024,2023-12-02,RUKA (FIN),Men's Moguls,Results Final 1,GRAHAM Matt,2441426,AUS,7,76.12,16.65,46.4,13.07,1,bdF,1.05,5.8,5.2,2,10op,1.05,7.0,6.9
FIS FREESTYLE SKI WORLD CUP 2024,2024-01-19,VAL ST. COME (CAN),Men's Moguls,Results Final 1,GRAHAM Matt,2441426,AUS,9,73.85,17.89,45.1,10.86,1,bF,0.88,7.9,8.0,2,7op,0.88,4.7,4.1
FIS FREESTYLE SKI WORLD CUP 2024,2024-01-26,WATERVILLE (USA),Men's Moguls,Results Final 1,GRAHAM Matt,2441426,AUS,13,61.44,16.73,29.9,14.81,1,10op,1.05,8.1,7.9,2,7op,0.88,7.6,7.0
FIS FREESTYLE SKI WORLD CUP 2024,2024-02-01,DEER VALLEY (USA),Men's Moguls,Results Final 1,GRAHAM Matt,2441426,AUS,9,73.75,17.86,43.7,12.19,1,10op,1.05,7.1,6.0,2,7op,0.88,6.4,5.7
FIS FREESTYLE SKI WORLD CUP 2024,2024-03-08,ALMATY (KAZ),Men's Moguls,Results Final 1,GRAHAM Matt,2441426,AUS,3,77.98,16.09,48.3,13.59,1,bdF,1.05,7.4,7.1,2,10op,1.05,5.9,5.5
FIS FREESTYLE SKI WORLD CUP 2025,2024-11-30,RUKA (FIN),Men's Moguls,Results Final 1,GRAHAM Matt,2441426,AUS,10,74.82,16.09,43.3,15.43,1,bdF,1.05,7.4,7.2,2,10op,1.05,7.2,7.6
FIS FREESTYLE SKI WORLD CUP 2025,2024-12-06,IDRE FJÄLL (SWE),Men's Moguls,Results Final 1,GRAHAM Matt,2441426,AUS,11,76.24,16.17,46.9,13.17,1,bdF,1.05,6.2,6.3,2,10op,1.05,6.3,6.3
FIS FREESTYLE SKI WORLD CUP 2025,2024-12-20,BAKURIANI (GEO),Men's Moguls,Results Final 1,GRAHAM Matt,2441426,AUS,7,77.77,19.08,44.6,14.09,1,bdF,1.05,6.6,7.1,2,7op,0.88,7.7,8.0
FIS FREESTYLE SKI WORLD CUP 2025,2025-01-24,WATERVILLE (USA),Men's Moguls,Results Final 1,GRAHAM Matt,2441426,AUS,8,76.7,18.24,47.3,11.16,1,10op,1.05,7.4,7.5,2,7op,0.88,4.0,3.6
FIS FREESTYLE SKI WORLD CUP 2025,2025-01-31,VAL ST. COME (CAN),Men's Moguls,Results Final 1,GRAHAM Matt,2441426,AUS,9,75.46,16.75,44.7,14.01,1,bdF,1.05,6.7,6.4,2,10op,1.05,6.8,6.8
FIS FREESTYLE SKI WORLD CUP 2025,2025-02-06,DEER VALLEY (USA),Men's Moguls,Results Final 1,GRAHAM Matt,2441426,AUS,8,79.31,16.54,48.0,14.77,1,bF,0.88,8.0,7.8,2,10op,1.05,7.4,7.5
FIS FREESTYLE SKI WORLD CUP 2025,2025-02-21,BEIDAHU (CHN),Men's Moguls,Results Final 1,GRAHAM Matt,2441426,AUS,5,81.41,16.42,50.6,14.39,1,bF,0.88,7.5,7.2,2,10op,1.05,7.7,7.4
FIS FREESTYLE SKI WORLD CUP 2025,2025-03-11,LIVIGNO (ITA),Men's Moguls,Results Final 1,GRAHAM Matt,2441426,AUS,5,78.63,17.02,47.0,14.61,1,bF,0.88,7.9,7.9,2,10op,1.05,7.5,7.1
"FIS Snowboard, Freestyle and Freeski World Championships 2025",2025-03-19,ST. MORITZ / ENGADIN (SUI),Men's Moguls,Results Final 1,GRAHAM Matt,2441426,AUS,6,81.38,17.51,48.4,15.47,1,bF,0.88,8.3,8.5,2,10op,1.05,7.5,7.9
FIS FREESTYLE SKI WORLD CUP 2026,2025-12-07,RUKA (FIN),Men's Moguls,Results Final 1,GRAHAM Matt,2441426,AUS,1,77.73,16.35,45.6,15.78,1,bF,0.88,8.3,7.9,2,10op,1.05,8.4,8.1
FIS FREESTYLE SKI WORLD CUP 2026,2025-12-08,RUKA (FIN),Men's Moguls,Results Final 1,GRAHAM Matt,2441426,AUS,1,81.97,16.04,49.5,16.43,1,bF,0.88,8.6,9.2,2,10op,1.05,8.1,8.3
FIS FREESTYLE SKI WORLD CUP 2026,2026-01-16,WATERVILLE VALLEY RESORT (USA),Men's Moguls,Results Final 1,GRAHAM Matt,2441426,AUS,16,65.94,16.85,37.9,11.19,1,bF,0.88,8.3,8.2,2,10op,1.05,4.0,3.5
FIS FREESTYLE SKI WORLD CUP 2026,2026-02-28,NANTO-TOYAMA (JPN),Men's Moguls,Results Final 1,GRAHAM Matt,2441426,AUS,5,75.52,16.93,44.2,14.39,1,bF,0.88,8.5,7.4,2,10op,1.05,7.0,7.1
FIS FREESTYLE SKI WORLD CUP 2023,2022-12-03,RUKA (FIN),Men's Moguls,Results Final 2,GRAHAM Matt,2441426,AUS,3,80.12,15.76,49.2,15.16,1,bdF,1.05,6.1,6.2,2,10op,1.05,8.3,8.3
FIS FREESTYLE SKI WORLD CUP 2023,2022-12-10,IDRE FJÄLL (SWE),Men's Moguls,Results Final 2,GRAHAM Matt,2441426,AUS,6,77.53,17.45,46.7,13.38,1,bdF,1.05,5.7,5.6,2,10op,1.05,7.2,7.0
FIS FREESTYLE SKI WORLD CUP 2023,2023-01-27,VAL ST. COME (CAN),Men's Moguls,Results Final 2,GRAHAM Matt,2441426,AUS,6,76.83,17.57,43.4,15.86,1,bdF,1.05,8.0,7.9,2,7op,0.88,8.5,8.6
FIS FREESTYLE SKI WORLD CUP 2023,2023-02-02,DEER VALLEY (USA),Men's Moguls,Results Final 2,GRAHAM Matt,2441426,AUS,1,85.35,18.48,51.8,15.07,1,10op,1.05,7.7,7.6,2,7op,0.88,8.0,8.0
"FIS SNOWBOARD, FREESTYLE AND FREESKI WORLD CHAMPIONSHIPS 2023",2023-02-25,BAKURIANI (GEO),Men's Moguls,Results Final 2,GRAHAM Matt,2441426,AUS,2,88.9,18.92,53.0,16.98,1,10op,1.05,9.4,9.3,2,7op,0.88,8.1,8.2
FIS FREESTYLE SKI WORLD CUP 2023,2023-03-17,ALMATY (KAZ),Men's Moguls,Results Final 2,GRAHAM Matt,2441426,AUS,3,78.42,17.27,46.4,14.75,1,10op,1.05,7.3,7.4,2,7op,0.88,8.0,8.0
FIS FREESTYLE SKI WORLD CUP 2025,2025-02-21,BEIDAHU (CHN),Men's Moguls,Results Final 2,GRAHAM Matt,2441426,AUS,4,83.65,16.68,51.3,15.67,1,bF,0.88,8.5,8.4,2,10op,1.05,7.9,7.8
"FIS Snowboard, Freestyle and Freeski World Championships 2025",2025-03-19,ST. MORITZ / ENGADIN (SUI),Men's Moguls,Results Final 2,GRAHAM Matt,2441426,AUS,5,74.84,17.13,44.0,13.71,1,bF,0.88,8.6,8.5,2,10op,1.05,5.9,5.9
FIS FREESTYLE SKI WORLD CUP 2026,2025-12-07,RUKA (FIN),Men's Moguls,Results Final 2,GRAHAM Matt,2441426,AUS,4,79.13,16.79,47.6,14.74,1,bF,0.88,8.3,8.4,2,10op,1.05,7.2,6.9
FIS FREESTYLE SKI WORLD CUP 2026,2026-02-28,NANTO-TOYAMA (JPN),Men's Moguls,Results Final 2,GRAHAM Matt,2441426,AUS,1,78.42,17.51,45.5,15.41,1,bF,0.88,8.3,8.0,2,10op,1.05,7.6,8.1
FIS FREESTYLE SKI WORLD CUP 2024,2024-03-08,ALMATY (KAZ),Men's Moguls,Results Overall,GRAHAM Matt,2441426,AUS,3,80.81,17.22,47.9,15.69,1,bdF,1.05,7.4,7.5,2,10op,1.05,7.7,7.3
FIS FREESTYLE SKI WORLD CUP 2023,2022-12-03,RUKA (FIN),Men's Moguls,Results Qualification,GRAHAM Matt,2441426,AUS,7,75.09,14.74,46.5,13.85,1,bF,0.88,7.9,7.8,2,7op,0.88,8.1,7.7
FIS FREESTYLE SKI WORLD CUP 2023,2022-12-09,IDRE FJÄLL (SWE),Men's Moguls,Results Qualification,GRAHAM Matt,2441426,AUS,3,78.97,16.8,49.2,12.97,1,bF,0.88,7.0,7.8,2,7op,0.88,7.4,7.3
FIS FREESTYLE SKI WORLD CUP 2023,2022-12-15,ALPE D'HUEZ (FRA),Men's Moguls,Results Qualification,GRAHAM Matt,2441426,AUS,2,77.52,14.54,47.9,15.08,1,bF,0.88,8.2,8.5,2,7op,0.88,8.7,8.9
FIS FREESTYLE SKI WORLD CUP 2023,2023-01-27,VAL ST. COME (CAN),Men's Moguls,Results Qualification,GRAHAM Matt,2441426,AUS,7,78.59,16.39,48.0,14.2,1,bF,0.88,8.2,8.0,2,7op,0.88,8.1,8.0
FIS FREESTYLE SKI WORLD CUP 2023,2023-02-02,DEER VALLEY (USA),Men's Moguls,Results Qualification,GRAHAM Matt,2441426,AUS,3,76.93,17.12,46.4,13.41,1,bF,0.88,8.0,7.7,2,7op,0.88,7.5,7.3
FIS FREESTYLE SKI WORLD CUP 2024,2023-12-02,RUKA (FIN),Men's Moguls,Results Qualification,GRAHAM Matt,2441426,AUS,6,75.08,16.27,45.4,13.41,1,bF,0.88,8.6,8.1,2,7op,0.88,6.8,7.0
FIS FREESTYLE SKI WORLD CUP 2024,2024-01-19,VAL ST. COME (CAN),Men's Moguls,Results Qualification,GRAHAM Matt,2441426,AUS,10,72.28,16.55,44.7,11.03,1,bF,0.88,5.7,5.2,2,7op,0.88,7.2,7.0
FIS FREESTYLE SKI WORLD CUP 2024,2024-01-26,WATERVILLE (USA),Men's Moguls,Results Qualification,GRAHAM Matt,2441426,AUS,5,76.12,15.94,46.2,13.98,1,bF,0.88,8.1,8.9,2,7op,0.88,6.8,8.0
FIS FREESTYLE SKI WORLD CUP 2024,2024-02-01,DEER VALLEY (USA),Men's Moguls,Results Qualification,GRAHAM Matt,2441426,AUS,5,76.97,16.63,46.8,13.54,1,bF,0.88,8.3,8.0,2,7op,0.88,7.7,6.8
FIS FREESTYLE SKI WORLD CUP 2024,2024-03-08,ALMATY (KAZ),Men's Moguls,Results Qualification,GRAHAM Matt,2441426,AUS,5,76.6,16.67,48.1,11.83,1,bF,0.88,7.0,6.3,2,7op,0.88,6.5,7.1
FIS FREESTYLE SKI WORLD CUP 2025,2024-11-30,RUKA (FIN),Men's Moguls,Results Qualification,GRAHAM Matt,2441426,AUS,3,77.55,14.35,48.6,14.6,1,bF,0.88,8.2,8.8,2,7op,0.88,8.2,8.0
FIS FREESTYLE SKI WORLD CUP 2025,2024-12-06,IDRE FJÄLL (SWE),Men's Moguls,Results Qualification,GRAHAM Matt,2441426,AUS,5,78.48,15.39,48.8,14.29,1,bF,0.88,8.4,8.4,2,7op,0.88,7.8,7.9
FIS FREESTYLE SKI WORLD CUP 2025,2024-12-19,BAKURIANI (GEO),Men's Moguls,Results Qualification,GRAHAM Matt,2441426,AUS,2,79.71,17.94,47.0,14.77,1,bF,0.88,8.5,8.6,2,7op,0.88,8.2,8.3
FIS FREESTYLE SKI WORLD CUP 2025,2025-01-24,WATERVILLE (USA),Men's Moguls,Results Qualification,GRAHAM Matt,2441426,AUS,5,76.27,17.43,48.6,10.24,1,bF,0.88,4.8,6.6,2,7op,0.88,6.0,5.9
FIS FREESTYLE SKI WORLD CUP 2025,2025-01-31,VAL ST. COME (CAN),Men's Moguls,Results Qualification,GRAHAM Matt,2441426,AUS,5,77.3,16.47,47.2,13.63,1,bF,0.88,7.8,7.5,2,7op,0.88,7.7,8.0
FIS FREESTYLE SKI WORLD CUP 2025,2025-02-06,DEER VALLEY (USA),Men's Moguls,Results Qualification,GRAHAM Matt,2441426,AUS,14,72.94,15.72,45.0,12.22,1,bF,0.88,8.1,7.9,2,7op,0.88,6.0,5.8
FIS FREESTYLE SKI WORLD CUP 2025,2025-02-21,BEIDAHU (CHN),Men's Moguls,Results Qualification,GRAHAM Matt,2441426,AUS,2,78.66,16.06,49.8,12.8,1,bF,0.88,6.8,7.5,2,7op,0.88,7.5,7.3
FIS FREESTYLE SKI WORLD CUP 2025,2025-02-28,ALMATY (KAZ),Men's Moguls,Results Qualification,GRAHAM Matt,2441426,AUS,7,75.52,17.07,46.1,12.35,1,bF,0.88,7.1,7.1,2,7op,0.88,6.9,7.0
FIS FREESTYLE SKI WORLD CUP 2025,2025-03-11,LIVIGNO (ITA),Men's Moguls,Results Qualification,GRAHAM Matt,2441426,AUS,3,78.25,16.1,48.3,13.85,1,bF,0.88,8.0,7.8,2,7op,0.88,7.7,8.0
"FIS Snowboard, Freestyle and Freeski World Championships 2025",2025-03-18,ST. MORITZ / ENGADIN (SUI),Men's Moguls,Results Qualification,GRAHAM Matt,2441426,AUS,6,77.02,17.42,46.5,13.1,1,bF,0.88,7.8,7.5,2,7op,0.88,7.3,7.2
FIS FREESTYLE SKI WORLD CUP 2026,2025-12-07,RUKA (FIN),Men's Moguls,Results Qualification,GRAHAM Matt,2441426,AUS,3,77.67,15.49,47.8,14.38,1,bF,0.88,8.2,7.9,2,7op,0.88,8.4,8.2
FIS FREESTYLE SKI WORLD CUP 2026,2025-12-08,RUKA (FIN),Men's Moguls,Results Qualification,GRAHAM Matt,2441426,AUS,1,79.43,15.9,49.2,14.33,1,bF,0.88,8.3,8.5,2,7op,0.88,7.7,8.1
FIS FREESTYLE SKI WORLD CUP 2026,2026-01-09,VAL ST. COME (CAN),Men's Moguls,Results Qualification,GRAHAM Matt,2441426,AUS,5,81.22,17.6,48.9,14.72,1,bF,0.88,7.7,8.0,2,10op,1.05,7.4,7.5
FIS FREESTYLE SKI WORLD CUP 2026,2026-01-16,WATERVILLE VALLEY RESORT (USA),Men's Moguls,Results Qualification,GRAHAM Matt,2441426,AUS,3,78.34,15.55,50.0,12.79,1,bF,0.88,7.8,7.2,2,7op,0.88,6.8,7.3
FIS FREESTYLE SKI WORLD CUP 2026,2026-02-28,NANTO-TOYAMA (JPN),Men's Moguls,Results Qualification,GRAHAM Matt,2441426,AUS,4,73.79,16.75,43.5,13.54,1,bF,0.88,8.5,7.6,2,7op,0.88,7.1,7.6
"FIS SNOWBOARD, FREESTYLE AND FREESKI WORLD CHAMPIONSHIPS 2023",2023-02-25,BAKURIANI (GEO),Men's Moguls,Results Qualification 1,GRAHAM Matt,2441426,AUS,5,81.37,17.24,51.6,12.53,1,bF,0.88,7.0,7.1,2,7op,0.88,7.1,7.3
FIS FREESTYLE SKI WORLD CUP 2026,2026-01-09,VAL ST. COME (CAN),Men's Moguls,Results Final,HARVEY Jackson,2534735,AUS,7,80.24,17.22,49.0,14.02,1,bF,0.88,7.8,7.9,2,7op,0.88,8.1,8.1
FIS FREESTYLE SKI WORLD CUP 2023,2022-12-03,RUKA (FIN),Men's Moguls,Results Final 1,HARVEY Jackson,2534735,AUS,14,72.56,14.06,44.3,14.2,1,bF,0.88,8.4,8.4,2,7op,0.88,7.7,7.8
FIS FREESTYLE SKI WORLD CUP 2023,2022-12-10,IDRE FJÄLL (SWE),Men's Moguls,Results Final 1,HARVEY Jackson,2534735,AUS,11,73.77,16.6,44.2,12.97,1,bF,0.88,8.4,7.2,2,7op,0.88,6.7,7.2
FIS FREESTYLE SKI WORLD CUP 2023,2022-12-16,ALPE D'HUEZ (FRA),Men's Moguls,Results Final 1,HARVEY Jackson,2534735,AUS,16,51.62,14.93,26.1,10.59,1,bF,0.88,6.2,6.9,2,7op,0.88,5.4,5.6
FIS FREESTYLE SKI WORLD CUP 2023,2023-02-02,DEER VALLEY (USA),Men's Moguls,Results Final 1,HARVEY Jackson,2534735,AUS,14,71.02,15.41,43.3,12.31,1,bF,0.88,7.5,7.3,2,7op,0.88,6.7,6.5
FIS FREESTYLE SKI WORLD CUP 2026,2026-01-16,WATERVILLE VALLEY RESORT (USA),Men's Moguls,Results Final 1,HARVEY Jackson,2534735,AUS,8,78.0,15.46,47.9,14.64,1,bF,0.88,8.3,8.0,2,7op,0.88,8.6,8.4
FIS FREESTYLE SKI WORLD CUP 2023,2022-12-03,RUKA (FIN),Men's Moguls,Results Qualification,HARVEY Jackson,2534735,AUS,11,74.59,13.11,47.1,14.38,1,bF,0.88,8.4,8.2,2,7op,0.88,8.0,8.1
FIS FREESTYLE SKI WORLD CUP 2023,2022-12-09,IDRE FJÄLL (SWE),Men's Moguls,Results Qualification,HARVEY Jackson,2534735,AUS,8,74.69,15.16,45.5,14.03,1,bF,0.88,7.8,8.3,2,7op,0.88,7.8,8.0
FIS FREESTYLE SKI WORLD CUP 2023,2022-12-15,ALPE D'HUEZ (FRA),Men's Moguls,Results Qualification,HARVEY Jackson,2534735,AUS,12,70.47,13.48,42.7,14.29,1,bF,0.88,8.6,8.8,2,7op,0.88,7.4,7.7
FIS FREESTYLE SKI WORLD CUP 2023,2023-01-27,VAL ST. COME (CAN),Men's Moguls,Results Qualification,HARVEY Jackson,2534735,AUS,17,74.17,16.16,43.5,14.51,1,bF,0.88,8.0,8.0,2,7op,0.88,8.7,8.3
FIS FREESTYLE SKI WORLD CUP 2023,2023-02-02,DEER VALLEY (USA),Men's Moguls,Results Qualification,HARVEY Jackson,2534735,AUS,11,70.49,15.45,41.9,13.14,1,bF,0.88,6.8,6.7,2,7op,0.88,8.2,8.2
FIS FREESTYLE SKI WORLD CUP 2025,2025-02-21,BEIDAHU (CHN),Men's Moguls,Results Qualification,HARVEY Jackson,2534735,AUS,34,67.58,14.42,42.0,11.16,1,bF,0.88,7.8,7.5,2,bp,0.71,6.0,6.5
FIS FREESTYLE SKI WORLD CUP 2025,2025-02-28,ALMATY (KAZ),Men's Moguls,Results Qualification,HARVEY Jackson,2534735,AUS,26,69.86,14.95,45.1,9.81,1,bF,0.88,6.7,6.5,2,bp,0.71,5.7,5.6
"FIS Snowboard, Freestyle and Freeski World Championships 2025",2025-03-18,ST. MORITZ / ENGADIN (SUI),Men's Moguls,Results Qualification,HARVEY Jackson,2534735,AUS,28,62.08,16.62,35.3,10.16,1,bF,0.88,6.4,6.3,2,bp,0.71,6.5,6.4
FIS FREESTYLE SKI WORLD CUP 2026,2025-12-07,RUKA (FIN),Men's Moguls,Results Qualification,HARVEY Jackson,2534735,AUS,19,70.1,13.89,45.4,10.81,1,bF,0.88,6.7,6.8,2,7op,0.88,5.8,5.3
FIS FREESTYLE SKI WORLD CUP 2026,2025-12-08,RUKA (FIN),Men's Moguls,Results Qualification,HARVEY Jackson,2534735,AUS,18,69.82,14.65,45.5,9.67,1,bF,0.88,5.5,4.8,2,7op,0.88,6.4,5.3
FIS FREESTYLE SKI WORLD CUP 2026,2026-01-09,VAL ST. COME (CAN),Men's Moguls,Results Qualification,HARVEY Jackson,2534735,AUS,15,74.39,16.12,44.2,14.07,1,bF,0.88,8.2,8.3,2,7op,0.88,7.8,7.7
FIS FREESTYLE SKI WORLD CUP 2026,2026-01-16,WATERVILLE VALLEY RESORT (USA),Men's Moguls,Results Qualification,HARVEY Jackson,2534735,AUS,8,75.32,15.1,47.6,12.62,1,bF,0.88,8.0,7.6,2,7op,0.88,6.1,7.0
"FIS SNOWBOARD, FREESTYLE AND FREESKI WORLD CHAMPIONSHIPS 2023",2023-02-25,BAKURIANI (GEO),Men's Moguls,Results Qualification 1,HARVEY Jackson,2534735,AUS,23,71.22,15.49,42.8,12.93,1,bF,0.88,7.3,7.5,2,7op,0.88,7.0,7.6
"FIS SNOWBOARD, FREESTYLE AND FREESKI WORLD CHAMPIONSHIPS 2023",2023-02-25,BAKURIANI (GEO),Men's Moguls,Results Qualification 2,HARVEY Jackson,2534735,AUS,19,66.19,16.02,36.5,13.67,1,bF,0.88,7.8,8.3,2,7op,0.88,7.7,7.3
2025 FIS FREESTYLE SKI NORAM CUP,2025-02-22,APEX MOUNTAIN (CAN),Men's Moguls,OVERALL RESULTS - - Partial,HILL Edward,2537720,AUS,36,45.17,12.64,23.5,9.03,1,bF,0.88,7.9,7.8,2,3p,0.71,2.9,3.1
2025 FIS FREESTYLE SKI NORAM CUP,2025-02-12,DEER VALLEY RESORT (USA),Men's Moguls,QUALIFICATION RUN 1 RESULTS Final 1,HILL Edward,2537720,AUS,11,68.14,11.97,47.5,8.67,1,bT,0.68,5.7,6.0,2,7op,0.88,5.1,5.6
2024 FIS FREESTYLE NORAM CUP,2024-02-07,DEER VALLEY RESORT (USA),Men's Moguls,QUALIFICATION RUN 1 RESULTS Qualification,HILL Edward,2537720,AUS,17,66.84,12.71,43.4,10.73,1,bG,0.82,6.1,5.4,2,7op,0.88,6.6,7.1
2024 FIS FREESTYLE NORAM CUP,2024-02-12,APEX MOUNTAIN RESORT (CAN),Men's Moguls,QUALIFICATION RUN 1 RESULTS Qualification,HILL Edward,2537720,AUS,25,72.99,13.99,46.0,13.0,1,bG,0.82,7.9,8.6,2,7op,0.88,6.9,7.3
2024 FIS FREESTYLE NORAM CUP MOGULS,2024-02-24,VAL S TCOME (CAN),Men's Moguls,QUALIFICATION RUN 1 RESULTS Qualification,HILL Edward,2537720,AUS,20,66.24,12.26,42.0,11.98,1,bG,0.82,7.0,6.9,2,7op,0.88,7.1,7.2
2024 FIS FREESTYLE NORAM CUP FINALS,2024-03-01,"STRATTON, VT (USA)",Men's Moguls,QUALIFICATION RUN 1 RESULTS Qualification,HILL Edward,2537720,AUS,41,65.88,15.9,39.0,10.98,1,bG,0.82,8.2,8.3,2,7op,0.88,4.6,5.0
2025 FIS FREESTYLE SKI NORAM CUP,2025-02-12,DEER VALLEY RESORT (USA),Men's Moguls,QUALIFICATION RUN 1 RESULTS Qualification,HILL Edward,2537720,AUS,9,68.47,12.83,45.0,10.64,1,bT,0.68,6.1,5.7,2,7op,0.88,7.6,7.5
2025 FIS FREESTYLE NORAM CUP,2025-03-01,STRATTON MOUNTAIN RESORT (USA),Men's Moguls,QUALIFICATION RUN 1 RESULTS Qualification,HILL Edward,2537720,AUS,52,24.93,8.32,9.4,7.21,1,bF,0.88,8.7,7.7,2,NJ,0.0,0.0,0.0
2025 FIS FREESTYLE SKI NORAM CUP,2025-03-07,VAL ST COME (CAN),Men's Moguls,QUALIFICATION RUN 1 RESULTS Qualification,HILL Edward,2537720,AUS,19,65.37,12.64,40.2,12.53,1,bF,0.88,8.0,7.8,2,7op,0.88,6.2,6.5
FIS FREESTYLE SKI WORLD CUP 2025,2025-01-24,WATERVILLE (USA),Men's Moguls,Results Qualification,HILL Edward,2537720,AUS,56,27.15,10.81,9.4,6.94,1,bF,0.88,3.5,2.1,2,7op,0.88,5.8,4.4
FIS FREESTYLE SKI WORLD CUP 2025,2025-01-31,VAL ST. COME (CAN),Men's Moguls,Results Qualification,HILL Edward,2537720,AUS,53,54.82,14.06,30.7,10.06,1,bT,0.68,7.5,6.7,2,7op,0.88,6.0,5.9
2025 FIS FREESTYLE SKI NORAM CUP,2025-02-22,APEX MOUNTAIN (CAN),Men's Moguls,OVERALL RESULTS - - Partial,LIVISSIANOS Mac,2535793,AUS,31,65.21,11.17,41.2,12.84,1,bF,0.88,7.7,7.4,2,7op,0.88,7.3,6.8
2025 FIS FREESTYLE NORAM CUP,2025-03-01,STRATTON MOUNTAIN RESORT (USA),Men's Moguls,QUALIFICATION RUN 1 RESULTS Final 1,LIVISSIANOS Mac,2535793,AUS,15,68.81,12.64,44.1,12.07,1,7op,0.88,7.0,7.7,2,bp,0.71,7.5,8.3
2024 FIS FREESTYLE NORAM CUP,2024-02-07,DEER VALLEY RESORT (USA),Men's Moguls,QUALIFICATION RUN 1 RESULTS Qualification,LIVISSIANOS Mac,2535793,AUS,37,54.54,11.56,35.3,7.68,1,bT,0.68,4.9,6.2,2,7op,0.88,4.6,4.3
2024 FIS FREESTYLE NORAM CUP,2024-02-12,APEX MOUNTAIN RESORT (CAN),Men's Moguls,QUALIFICATION RUN 1 RESULTS Qualification,LIVISSIANOS Mac,2535793,AUS,26,72.75,12.33,47.7,12.72,1,bT,0.68,8.9,9.5,2,7op,0.88,7.4,7.3
2024 FIS FREESTYLE NORAM CUP MOGULS,2024-02-24,VAL S TCOME (CAN),Men's Moguls,QUALIFICATION RUN 1 RESULTS Qualification,LIVISSIANOS Mac,2535793,AUS,33,62.08,10.24,40.1,11.74,1,bT,0.68,8.0,7.0,2,7op,0.88,7.9,7.2
2024 FIS FREESTYLE NORAM CUP FINALS,2024-03-01,"STRATTON, VT (USA)",Men's Moguls,QUALIFICATION RUN 1 RESULTS Qualification,LIVISSIANOS Mac,2535793,AUS,46,56.5,13.01,29.8,13.69,1,bT,0.68,8.6,8.4,2,7oG,1.01,7.8,7.9
2025 FIS FREESTYLE SKI NORAM CUP,2025-02-12,DEER VALLEY RESORT (USA),Men's Moguls,QUALIFICATION RUN 1 RESULTS Qualification,LIVISSIANOS Mac,2535793,AUS,26,57.09,9.49,37.6,10.0,1,7op,0.88,4.8,5.3,2,bp,0.71,7.9,7.8
2025 FIS FREESTYLE NORAM CUP,2025-03-01,STRATTON MOUNTAIN RESORT (USA),Men's Moguls,QUALIFICATION RUN 1 RESULTS Qualification,LIVISSIANOS Mac,2535793,AUS,16,72.09,13.53,47.7,10.86,1,7op,0.88,6.6,6.1,2,bp,0.71,7.3,7.6
2025 FIS FREESTYLE SKI NORAM CUP,2025-03-07,VAL ST COME (CAN),Men's Moguls,QUALIFICATION RUN 1 RESULTS Qualification,LIVISSIANOS Mac,2535793,AUS,27,61.36,12.55,37.2,11.61,1,bF,0.88,7.0,7.4,2,7op,0.88,6.0,6.0
2024 FIS FREESTYLE NORAM CUP,2024-02-12,APEX MOUNTAIN RESORT (CAN),Women's Moguls,QUALIFICATION RUN 1 RESULTS Final 1,LODGE Lottie,2538154,AUS,3,74.98,14.79,45.7,14.49,1,bT,0.78,8.0,8.3,2,bG,0.92,8.7,9.0
2024 FIS FREESTYLE NORAM CUP,2024-02-12,APEX MOUNTAIN RESORT (CAN),Women's Moguls,QUALIFICATION RUN 1 RESULTS Final 2,LODGE Lottie,2538154,AUS,6,71.87,15.43,42.1,14.34,1,bT,0.78,7.7,7.5,2,bG,0.92,8.8,9.5
2024 FIS FREESTYLE NORAM CUP,2024-02-07,DEER VALLEY RESORT (USA),Women's Moguls,QUALIFICATION RUN 1 RESULTS Qualification,LODGE Lottie,2538154,AUS,18,50.96,11.1,32.5,7.36,1,S,0.48,5.0,5.2,2,bG,0.92,5.8,4.9
2024 FIS FREESTYLE NORAM CUP,2024-02-12,APEX MOUNTAIN RESORT (CAN),Women's Moguls,QUALIFICATION RUN 1 RESULTS Qualification,LODGE Lottie,2538154,AUS,12,70.4,15.71,40.8,13.89,1,bT,0.78,6.5,7.3,2,bG,0.92,9.0,9.5
2025 FIS FREESTYLE SKI NORAM CUP,2025-02-12,DEER VALLEY RESORT (USA),Women's Moguls,QUALIFICATION RUN 1 RESULTS Qualification,LODGE Lottie,2538154,AUS,19,49.82,8.47,32.8,8.55,1,bT,0.78,6.0,6.4,2,bG,0.92,4.4,3.7
FIS FREESTYLE SKI WORLD CUP 2025,2025-01-24,WATERVILLE (USA),Women's Moguls,Results Qualification,LODGE Lottie,2538154,AUS,23,57.71,12.93,35.6,9.18,1,bT,0.78,5.7,6.2,2,bG,0.92,5.0,4.9
FIS FREESTYLE SKI WORLD CUP 2025,2025-01-31,VAL ST. COME (CAN),Women's Moguls,Results Qualification,LODGE Lottie,2538154,AUS,20,56.44,11.06,34.5,10.88,1,bT,0.78,7.4,7.2,2,bG,0.92,5.8,5.5
FIS FREESTYLE SKI WORLD CUP 2025,2025-02-06,DEER VALLEY (USA),Women's Moguls,Results Qualification,LODGE Lottie,2538154,AUS,21,53.92,12.63,30.6,10.69,1,bT,0.78,6.1,6.0,2,bG,0.92,6.5,6.5
2024 FIS FREESTYLE NORAM CUP,2024-02-07,DEER VALLEY RESORT (USA),Men's Moguls,QUALIFICATION RUN 1 RESULTS Final 1,LOGAN Oliver,2534330,AUS,12,69.86,18.53,39.3,12.03,1,bF,0.88,8.4,8.3,2,bp,0.71,7.0,6.2
2024 FIS FREESTYLE NORAM CUP,2024-02-12,APEX MOUNTAIN RESORT (CAN),Men's Moguls,QUALIFICATION RUN 1 RESULTS Final 1,LOGAN Oliver,2534330,AUS,6,82.62,14.95,52.5,15.17,1,bF,0.88,7.8,8.0,2,7op,0.88,9.1,9.6
2024 FIS FREESTYLE NORAM CUP MOGULS,2024-02-24,VAL S TCOME (CAN),Men's Moguls,QUALIFICATION RUN 1 RESULTS Final 1,LOGAN Oliver,2534330,AUS,13,39.76,10.22,18.1,11.44,1,bF,0.88,7.5,7.5,2,7op,0.88,6.0,5.0
2024 FIS FREESTYLE NORAM CUP,2024-02-12,APEX MOUNTAIN RESORT (CAN),Men's Moguls,QUALIFICATION RUN 1 RESULTS Final 2,LOGAN Oliver,2534330,AUS,4,80.93,15.15,51.4,14.38,1,bF,0.88,7.8,7.9,2,7op,0.88,8.4,8.6
2024 FIS FREESTYLE NORAM CUP,2024-02-07,DEER VALLEY RESORT (USA),Men's Moguls,QUALIFICATION RUN 1 RESULTS Qualification,LOGAN Oliver,2534330,AUS,7,71.15,13.09,45.4,12.66,1,bF,0.88,7.7,7.5,2,7op,0.88,7.0,6.6
2024 FIS FREESTYLE NORAM CUP,2024-02-12,APEX MOUNTAIN RESORT (CAN),Men's Moguls,QUALIFICATION RUN 1 RESULTS Qualification,LOGAN Oliver,2534330,AUS,8,79.35,14.82,49.8,14.73,1,bF,0.88,8.4,9.3,2,7op,0.88,7.8,8.0
2024 FIS FREESTYLE NORAM CUP MOGULS,2024-02-24,VAL S TCOME (CAN),Men's Moguls,QUALIFICATION RUN 1 RESULTS Qualification,LOGAN Oliver,2534330,AUS,11,70.1,13.43,44.8,11.87,1,bF,0.88,7.3,6.8,2,7op,0.88,6.9,6.0
FIS FREESTYLE SKI WORLD CUP 2024,2023-12-02,RUKA (FIN),Men's Moguls,Results Qualification,LOGAN Oliver,2534330,AUS,31,64.98,15.29,37.2,12.49,1,bF,0.88,7.0,7.2,2,7op,0.88,7.2,7.0
FIS FREESTYLE SKI WORLD CUP 2024,2023-12-08,IDRE FJÄLL (SWE),Men's Moguls,Results Qualification,LOGAN Oliver,2534330,AUS,33,61.89,13.41,36.0,12.48,1,bF,0.88,7.2,8.1,2,7op,0.88,6.5,6.6
FIS FREESTYLE SKI WORLD CUP 2024,2024-01-19,VAL ST. COME (CAN),Men's Moguls,Results Qualification,LOGAN Oliver,2534330,AUS,38,54.57,16.17,28.6,9.8,1,bF,0.88,5.8,5.6,2,7op,0.88,5.4,5.5
FIS FREESTYLE SKI WORLD CUP 2024,2024-02-01,DEER VALLEY (USA),Men's Moguls,Results Qualification,LOGAN Oliver,2534330,AUS,35,60.56,14.04,37.2,9.32,1,bF,0.88,5.0,4.4,2,7op,0.88,6.6,5.2
FIS FREESTYLE SKI WORLD CUP 2025,2024-11-30,RUKA (FIN),Men's Moguls,Results Qualification,LOGAN Oliver,2534330,AUS,44,30.84,7.69,12.2,10.95,1,bF,0.88,5.4,6.0,2,7op,0.88,6.5,7.0
FIS FREESTYLE SKI WORLD CUP 2025,2024-12-06,IDRE FJÄLL (SWE),Men's Moguls,Results Qualification,LOGAN Oliver,2534330,AUS,26,68.49,14.63,42.6,11.26,1,bF,0.88,7.5,6.5,2,7op,0.88,6.2,5.4
FIS FREESTYLE SKI WORLD CUP 2025,2024-12-19,BAKURIANI (GEO),Men's Moguls,Results Qualification,LOGAN Oliver,2534330,AUS,32,66.13,15.75,38.2,12.18,1,bF,0.88,6.4,6.7,2,7op,0.88,7.0,7.6
FIS FREESTYLE SKI WORLD CUP 2025,2025-01-24,WATERVILLE (USA),Men's Moguls,Results Qualification,LOGAN Oliver,2534330,AUS,57,25.07,9.87,9.5,5.7,1,bF,0.88,6.5,5.9,2,bL,0.71,0.4,0.3
FIS FREESTYLE SKI WORLD CUP 2025,2025-01-31,VAL ST. COME (CAN),Men's Moguls,Results Qualification,LOGAN Oliver,2534330,AUS,32,68.15,15.78,40.1,12.27,1,bF,0.88,6.3,6.4,2,7op,0.88,7.7,7.5
FIS FREESTYLE SKI WORLD CUP 2025,2025-02-06,DEER VALLEY (USA),Men's Moguls,Results Qualification,LOGAN Oliver,2534330,AUS,39,48.4,14.81,22.0,11.59,1,bF,0.88,6.7,6.5,2,bp,0.71,8.2,8.1
FIS FREESTYLE SKI WORLD CUP 2025,2025-02-21,BEIDAHU (CHN),Men's Moguls,Results Qualification,LOGAN Oliver,2534330,AUS,36,66.8,15.16,40.7,10.94,1,bF,0.88,7.2,6.8,2,7op,0.88,5.8,5.1
FIS FREESTYLE SKI WORLD CUP 2026,2025-12-07,RUKA (FIN),Men's Moguls,Results Qualification,LOGAN Oliver,2534330,AUS,26,68.91,14.88,41.9,12.13,1,bF,0.88,7.1,7.0,2,10op,1.05,5.9,5.4
2025 FIS FREESTYLE SKI NORAM CUP,2025-02-12,DEER VALLEY RESORT (USA),Women's Moguls,QUALIFICATION RUN 1 RESULTS Final 1,MANNS Talia,2539756,AUS,11,59.81,7.66,42.4,9.75,1,3,0.78,5.1,5.7,2,bp,0.81,6.5,7.2
2025 FIS FREESTYLE SKI NORAM CUP,2025-02-12,DEER VALLEY RESORT (USA),Women's Moguls,QUALIFICATION RUN 1 RESULTS Qualification,MANNS Talia,2539756,AUS,12,54.28,6.29,39.7,8.29,1,3,0.78,5.6,5.4,2,bp,0.81,4.9,5.0
2024 FIS FREESTYLE NORAM CUP,2024-02-07,DEER VALLEY RESORT (USA),Men's Moguls,QUALIFICATION RUN 1 RESULTS Qualification,MURPHY George,2534254,AUS,21,65.23,16.35,35.8,13.08,1,7oG,1.01,6.4,6.9,2,7op,0.88,7.4,7.1
2024 FIS FREESTYLE NORAM CUP,2024-02-12,APEX MOUNTAIN RESORT (CAN),Men's Moguls,QUALIFICATION RUN 1 RESULTS Qualification,MURPHY George,2534254,AUS,23,74.49,12.94,47.3,14.25,1,7oG,1.01,7.8,7.8,2,7op,0.88,8.0,6.5
FIS FREESTYLE SKI WORLD CUP 2023,2022-12-03,RUKA (FIN),Men's Moguls,Results Qualification,MURPHY George,2534254,AUS,49,30.09,11.19,12.1,6.8,1,bG,0.82,8.3,8.3,2,NJ,0.0,0.0,0.0
FIS FREESTYLE SKI WORLD CUP 2023,2022-12-09,IDRE FJÄLL (SWE),Men's Moguls,Results Qualification,MURPHY George,2534254,AUS,35,67.42,14.25,40.6,12.57,1,7op,0.88,6.6,6.8,2,bG,0.82,8.1,8.2
FIS FREESTYLE SKI WORLD CUP 2023,2023-01-27,VAL ST. COME (CAN),Men's Moguls,Results Qualification,MURPHY George,2534254,AUS,38,66.8,13.8,40.2,12.8,1,7op,0.88,7.9,7.8,2,bG,0.82,7.3,7.1
FIS FREESTYLE SKI WORLD CUP 2023,2023-02-02,DEER VALLEY (USA),Men's Moguls,Results Qualification,MURPHY George,2534254,AUS,20,64.14,13.56,37.9,12.68,1,7op,0.88,6.5,6.6,2,bG,0.82,8.4,8.5
FIS FREESTYLE SKI WORLD CUP 2024,2023-12-02,RUKA (FIN),Men's Moguls,Results Qualification,MURPHY George,2534254,AUS,38,61.62,14.76,33.2,13.66,1,7oG,1.01,6.7,6.7,2,7op,0.88,7.7,8.0
FIS FREESTYLE SKI WORLD CUP 2024,2023-12-14,ALPE D'HUEZ (FRA),Men's Moguls,Results Qualification,MURPHY George,2534254,AUS,22,68.06,16.5,41.6,9.96,1,7oG,1.01,6.5,6.5,2,bp,0.71,4.7,4.9
FIS FREESTYLE SKI WORLD CUP 2024,2024-01-19,VAL ST. COME (CAN),Men's Moguls,Results Qualification,MURPHY George,2534254,AUS,32,61.23,16.13,34.6,10.5,1,7oG,1.01,5.8,5.7,2,7op,0.88,5.4,5.3
FIS FREESTYLE SKI WORLD CUP 2024,2024-02-01,DEER VALLEY (USA),Men's Moguls,Results Qualification,MURPHY George,2534254,AUS,23,65.52,14.42,38.6,12.5,1,7oG,1.01,7.0,7.3,2,7op,0.88,6.0,6.0
FIS FREESTYLE SKI WORLD CUP 2025,2025-01-24,WATERVILLE (USA),Men's Moguls,Results Qualification,MURPHY George,2534254,AUS,32,65.1,14.49,38.9,11.71,1,7oG,1.01,6.5,4.7,2,bG,0.82,7.0,7.8
FIS FREESTYLE SKI WORLD CUP 2025,2025-01-31,VAL ST. COME (CAN),Men's Moguls,Results Qualification,MURPHY George,2534254,AUS,47,59.39,16.23,32.0,11.16,1,7oG,1.01,8.0,8.0,2,bp,0.71,4.0,4.7
FIS FREESTYLE SKI WORLD CUP 2025,2025-02-21,BEIDAHU (CHN),Men's Moguls,Results Qualification,MURPHY George,2534254,AUS,30,70.02,14.29,43.5,12.23,1,bG,0.82,7.5,7.1,2,7op,0.88,7.2,7.0
FIS FREESTYLE SKI WORLD CUP 2025,2025-02-28,ALMATY (KAZ),Men's Moguls,Results Qualification,MURPHY George,2534254,AUS,13,73.76,14.61,45.5,13.65,1,bG,0.82,8.4,8.5,2,7op,0.88,7.5,7.8
"FIS Snowboard, Freestyle and Freeski World Championships 2025",2025-03-18,ST. MORITZ / ENGADIN (SUI),Men's Moguls,Results Qualification,MURPHY George,2534254,AUS,22,69.65,16.01,40.7,12.94,1,bG,0.82,7.8,8.0,2,7op,0.88,7.2,7.5
FIS FREESTYLE SKI WORLD CUP 2026,2025-12-07,RUKA (FIN),Men's Moguls,Results Qualification,MURPHY George,2534254,AUS,20,69.99,17.33,41.8,10.86,1,7op,0.88,6.8,7.0,2,bp,0.71,7.0,6.5
FIS FREESTYLE SKI WORLD CUP 2026,2026-01-09,VAL ST. COME (CAN),Men's Moguls,Results Qualification,MURPHY George,2534254,AUS,19,73.32,15.86,45.0,12.46,1,bG,0.82,7.8,7.8,2,7op,0.88,6.8,7.0
FIS FREESTYLE SKI WORLD CUP 2026,2026-01-16,WATERVILLE VALLEY RESORT (USA),Men's Moguls,Results Qualification,MURPHY George,2534254,AUS,42,64.1,12.71,41.0,10.39,1,bG,0.82,6.5,6.3,2,7op,0.88,5.4,6.3
"FIS SNOWBOARD, FREESTYLE AND FREESKI WORLD CHAMPIONSHIPS 2023",2023-02-25,BAKURIANI (GEO),Men's Moguls,Results Qualification 1,MURPHY George,2534254,AUS,22,71.89,15.13,43.5,13.26,1,7op,0.88,7.1,7.6,2,bG,0.82,8.1,8.5
"FIS SNOWBOARD, FREESTYLE AND FREESKI WORLD CHAMPIONSHIPS 2023",2023-02-25,BAKURIANI (GEO),Men's Moguls,Results Qualification 2,MURPHY George,2534254,AUS,17,73.3,15.62,43.4,14.28,1,7op,0.88,7.8,8.1,2,bG,0.82,8.9,8.9
2024 FIS FREESTYLE NORAM CUP,2024-02-07,DEER VALLEY RESORT (USA),Women's Moguls,QUALIFICATION RUN 1 RESULTS Final 1,PERNICE Lucy,2535795,AUS,7,64.13,12.15,39.1,12.88,1,bp,0.81,6.9,6.8,2,7op,0.98,7.4,7.6
2024 FIS FREESTYLE NORAM CUP,2024-02-12,APEX MOUNTAIN RESORT (CAN),Women's Moguls,QUALIFICATION RUN 1 RESULTS Final 1,PERNICE Lucy,2535795,AUS,11,68.97,15.06,39.6,14.31,1,bF,0.98,7.7,8.3,2,bp,0.81,7.8,8.2
2024 FIS FREESTYLE NORAM CUP MOGULS,2024-02-24,VAL S TCOME (CAN),Women's Moguls,QUALIFICATION RUN 1 RESULTS Final 1,PERNICE Lucy,2535795,AUS,15,49.17,8.29,33.0,7.88,1,bT,0.78,4.0,4.2,2,bG,0.92,5.3,4.9
2025 FIS FREESTYLE SKI NORAM CUP,2025-02-12,DEER VALLEY RESORT (USA),Women's Moguls,QUALIFICATION RUN 1 RESULTS Final 1,PERNICE Lucy,2535795,AUS,13,58.72,7.15,41.0,10.57,1,bp,0.81,5.5,5.4,2,bG,0.92,6.6,6.8
2024 FIS FREESTYLE NORAM CUP,2024-02-07,DEER VALLEY RESORT (USA),Women's Moguls,QUALIFICATION RUN 1 RESULTS Qualification,PERNICE Lucy,2535795,AUS,10,56.23,9.12,36.1,11.01,1,bp,0.81,7.7,7.7,2,bG,0.92,4.8,5.6
2024 FIS FREESTYLE NORAM CUP,2024-02-12,APEX MOUNTAIN RESORT (CAN),Women's Moguls,QUALIFICATION RUN 1 RESULTS Qualification,PERNICE Lucy,2535795,AUS,16,69.68,13.67,41.8,14.21,1,bF,0.98,7.3,8.0,2,bp,0.81,8.1,8.5
2024 FIS FREESTYLE NORAM CUP MOGULS,2024-02-24,VAL S TCOME (CAN),Women's Moguls,QUALIFICATION RUN 1 RESULTS Qualification,PERNICE Lucy,2535795,AUS,15,47.25,6.62,33.2,7.43,1,S,0.48,6.0,6.4,2,bp,0.81,6.0,5.0
2024 FIS FREESTYLE NORAM CUP FINALS,2024-03-01,"STRATTON, VT (USA)",Women's Moguls,QUALIFICATION RUN 1 RESULTS Qualification,PERNICE Lucy,2535795,AUS,20,61.36,13.8,37.7,9.86,1,bF,0.98,4.3,4.2,2,bp,0.81,7.3,6.8
2025 FIS FREESTYLE SKI NORAM CUP,2025-02-12,DEER VALLEY RESORT (USA),Women's Moguls,QUALIFICATION RUN 1 RESULTS Qualification,PERNICE Lucy,2535795,AUS,10,55.43,7.2,39.9,8.33,1,bp,0.81,6.1,6.3,2,bG,0.92,3.7,3.5
2025 FIS FREESTYLE NORAM CUP,2025-03-01,STRATTON MOUNTAIN RESORT (USA),Women's Moguls,QUALIFICATION RUN 1 RESULTS Qualification,PERNICE Lucy,2535795,AUS,30,49.66,12.23,27.4,10.03,1,bT,0.78,7.7,8.0,2,bG,0.92,4.5,4.0
FIS FREESTYLE SKI WORLD CUP 2025,2025-01-24,WATERVILLE (USA),Women's Moguls,Results Qualification,PERNICE Lucy,2535795,AUS,40,7.07,2.58,0.3,4.19,1,bT,0.78,5.0,4.5,2,bF,0.98,0.2,0.8
FIS FREESTYLE SKI WORLD CUP 2025,2025-01-31,VAL ST. COME (CAN),Women's Moguls,Results Qualification,PERNICE Lucy,2535795,AUS,30,41.9,8.75,22.5,10.65,1,bT,0.78,6.0,5.5,2,7op,0.98,6.1,6.5
FIS FREESTYLE SKI WORLD CUP 2025,2025-02-06,DEER VALLEY (USA),Women's Moguls,Results Qualification,PERNICE Lucy,2535795,AUS,24,51.13,10.19,31.1,9.84,1,bT,0.78,5.7,5.5,2,7op,0.98,5.6,5.6
2025 FIS FREESTYLE SKI NORAM CUP,2025-02-22,APEX MOUNTAIN (CAN),Men's Moguls,OVERALL RESULTS - - Partial,ROWLEY Tristan,2535799,AUS,10,76.89,13.13,47.7,16.06,1,bF,0.88,8.2,8.6,2,7oG,1.01,8.3,8.9
2025 FIS FREESTYLE NORAM CUP,2025-03-01,STRATTON MOUNTAIN RESORT (USA),Men's Moguls,QUALIFICATION RUN 1 RESULTS Final 1,ROWLEY Tristan,2535799,AUS,13,73.7,11.54,47.5,14.66,1,7op,0.88,6.7,6.8,2,7oG,1.01,8.5,8.8
2024 FIS FREESTYLE NORAM CUP,2024-02-07,DEER VALLEY RESORT (USA),Men's Moguls,QUALIFICATION RUN 1 RESULTS Qualification,ROWLEY Tristan,2535799,AUS,50,10.72,0.8,0.3,9.62,1,7oG,1.01,5.0,4.4,2,7op,0.88,5.6,5.5
2024 FIS FREESTYLE NORAM CUP,2024-02-12,APEX MOUNTAIN RESORT (CAN),Men's Moguls,QUALIFICATION RUN 1 RESULTS Qualification,ROWLEY Tristan,2535799,AUS,29,72.13,12.94,43.2,15.99,1,7op,0.88,7.1,8.5,2,7oG,1.01,8.9,9.2
2024 FIS FREESTYLE NORAM CUP MOGULS,2024-02-24,VAL S TCOME (CAN),Men's Moguls,QUALIFICATION RUN 1 RESULTS Qualification,ROWLEY Tristan,2535799,AUS,27,65.05,11.9,41.9,11.25,1,7op,0.88,7.0,6.3,2,7oG,1.01,5.7,5.0
2024 FIS FREESTYLE NORAM CUP FINALS,2024-03-01,"STRATTON, VT (USA)",Men's Moguls,QUALIFICATION RUN 1 RESULTS Qualification,ROWLEY Tristan,2535799,AUS,43,63.53,14.22,39.3,10.01,1,7op,0.88,6.8,6.8,2,7oG,1.01,4.2,3.8
2025 FIS FREESTYLE SKI NORAM CUP,2025-02-12,DEER VALLEY RESORT (USA),Men's Moguls,QUALIFICATION RUN 1 RESULTS Qualification,ROWLEY Tristan,2535799,AUS,25,57.15,12.01,35.6,9.54,1,bT,0.68,5.4,5.1,2,7op,0.88,6.9,6.7
2025 FIS FREESTYLE NORAM CUP,2025-03-01,STRATTON MOUNTAIN RESORT (USA),Men's Moguls,QUALIFICATION RUN 1 RESULTS Qualification,ROWLEY Tristan,2535799,AUS,12,72.84,13.15,44.6,15.09,1,7op,0.88,7.4,8.1,2,7oG,1.01,8.2,8.2
2025 FIS FREESTYLE SKI NORAM CUP,2025-03-07,VAL ST COME (CAN),Men's Moguls,QUALIFICATION RUN 1 RESULTS Qualification,ROWLEY Tristan,2535799,AUS,25,62.63,12.91,36.3,13.42,1,7oG,1.01,7.0,7.3,2,7op,0.88,7.1,7.0
2025 FIS FREESTYLE SKI NORAM CUP,2025-02-12,DEER VALLEY RESORT (USA),Women's Moguls,QUALIFICATION RUN 1 RESULTS Qualification,SPEIRS Indiana,2535889,AUS,23,48.51,5.27,34.7,8.54,1,S,0.48,6.1,5.4,2,bG,0.92,6.4,6.2
2025 FIS FREESTYLE NORAM CUP,2025-03-01,STRATTON MOUNTAIN RESORT (USA),Women's Moguls,QUALIFICATION RUN 1 RESULTS Qualification,SPEIRS Indiana,2535889,AUS,17,64.18,10.52,41.9,11.76,1,bp,0.81,5.1,5.9,2,bG,0.92,8.0,7.9
2024 FIS FREESTYLE NORAM CUP MOGULS,2024-02-24,VAL S TCOME (CAN),Women's Moguls,QUALIFICATION RUN 1 RESULTS Final 1,WAKIM Kareema,2537719,AUS,13,56.38,10.45,35.6,10.33,1,3,0.78,6.3,6.8,2,bT,0.78,6.4,7.0
2024 FIS FREESTYLE NORAM CUP FINALS,2024-03-01,"STRATTON, VT (USA)",Women's Moguls,QUALIFICATION RUN 1 RESULTS Final 1,WAKIM Kareema,2537719,AUS,12,68.41,14.27,42.4,11.74,1,bG,0.92,6.9,6.6,2,bT,0.78,7.2,7.0
2024 FIS FREESTYLE NORAM CUP,2024-02-07,DEER VALLEY RESORT (USA),Women's Moguls,QUALIFICATION RUN 1 RESULTS Qualification,WAKIM Kareema,2537719,AUS,24,45.47,8.33,29.3,7.84,1,S,0.48,4.4,4.4,2,bT,0.78,7.3,7.4
2024 FIS FREESTYLE NORAM CUP,2024-02-12,APEX MOUNTAIN RESORT (CAN),Women's Moguls,QUALIFICATION RUN 1 RESULTS Qualification,WAKIM Kareema,2537719,AUS,26,64.46,12.48,39.2,12.78,1,3,0.78,7.9,8.8,2,bT,0.78,7.9,8.2
2024 FIS FREESTYLE NORAM CUP MOGULS,2024-02-24,VAL S TCOME (CAN),Women's Moguls,QUALIFICATION RUN 1 RESULTS Qualification,WAKIM Kareema,2537719,AUS,9,56.25,15.5,30.9,9.85,1,3,0.78,6.3,6.1,2,bT,0.78,6.1,6.8
2024 FIS FREESTYLE NORAM CUP FINALS,2024-03-01,"STRATTON, VT (USA)",Women's Moguls,QUALIFICATION RUN 1 RESULTS Qualification,WAKIM Kareema,2537719,AUS,12,65.06,13.52,41.4,10.14,1,bG,0.92,5.6,5.7,2,bT,0.78,6.3,6.4
2025 FIS FREESTYLE SKI NORAM CUP,2025-02-12,DEER VALLEY RESORT (USA),Women's Moguls,QUALIFICATION RUN 1 RESULTS Qualification,WAKIM Kareema,2537719,AUS,20,49.67,4.52,36.2,8.95,1,3,0.78,4.6,5.3,2,bp,0.81,6.4,6.2
2025 FIS FREESTYLE NORAM CUP,2025-03-01,STRATTON MOUNTAIN RESORT (USA),Women's Moguls,QUALIFICATION RUN 1 RESULTS Qualification,WAKIM Kareema,2537719,AUS,39,23.79,11.6,2.0,10.19,1,bT,0.78,7.3,8.6,2,bG,0.92,4.7,4.0
2024 FIS FREESTYLE NORAM CUP,2024-02-07,DEER VALLEY RESORT (USA),Women's Moguls,QUALIFICATION RUN 1 RESULTS Final 1,WILSON Charlotte,2535796,AUS,13,35.25,9.74,14.9,10.61,1,bT,0.78,4.9,5.6,2,bG,0.92,6.8,7.4
2024 FIS FREESTYLE NORAM CUP MOGULS,2024-02-24,VAL S TCOME (CAN),Women's Moguls,QUALIFICATION RUN 1 RESULTS Final 1,WILSON Charlotte,2535796,AUS,16,46.81,8.24,29.2,9.37,1,S,0.48,6.0,6.8,2,bG,0.92,7.0,6.7
2024 FIS FREESTYLE NORAM CUP FINALS,2024-03-01,"STRATTON, VT (USA)",Women's Moguls,QUALIFICATION RUN 1 RESULTS Final 1,WILSON Charlotte,2535796,AUS,10,70.27,14.38,44.1,11.79,1,bG,0.92,6.6,6.9,2,bp,0.81,6.8,7.0
2024 FIS FREESTYLE NORAM CUP,2024-02-07,DEER VALLEY RESORT (USA),Women's Moguls,QUALIFICATION RUN 1 RESULTS Qualification,WILSON Charlotte,2535796,AUS,13,55.04,10.82,36.0,8.22,1,S,0.48,5.0,5.7,2,bG,0.92,6.0,6.3
2024 FIS FREESTYLE NORAM CUP,2024-02-12,APEX MOUNTAIN RESORT (CAN),Women's Moguls,QUALIFICATION RUN 1 RESULTS Qualification,WILSON Charlotte,2535796,AUS,33,58.05,14.67,34.8,8.58,1,bT,0.78,4.1,4.0,2,bG,0.92,6.0,5.8
2024 FIS FREESTYLE NORAM CUP MOGULS,2024-02-24,VAL S TCOME (CAN),Women's Moguls,QUALIFICATION RUN 1 RESULTS Qualification,WILSON Charlotte,2535796,AUS,10,55.92,8.35,38.5,9.07,1,S,0.48,6.2,6.9,2,bG,0.92,6.4,6.5
2024 FIS FREESTYLE NORAM CUP FINALS,2024-03-01,"STRATTON, VT (USA)",Women's Moguls,QUALIFICATION RUN 1 RESULTS Qualification,WILSON Charlotte,2535796,AUS,15,63.99,14.18,37.0,12.81,1,bG,0.92,7.4,7.8,2,bp,0.81,7.2,7.2
FIS FREESTYLE SKI WORLD CUP 2025,2024-12-06,IDRE FJÄLL (SWE),Women's Moguls,Results Final 1,WILSON Charlotte,2535796,AUS,10,69.45,16.02,44.2,9.23,1,bG,0.92,4.2,4.8,2,bp,0.81,6.2,6.4
FIS FREESTYLE SKI WORLD CUP 2025,2025-01-24,WATERVILLE (USA),Women's Moguls,Results Final 1,WILSON Charlotte,2535796,AUS,6,71.87,17.31,43.1,11.46,1,bG,0.92,6.8,6.5,2,bp,0.81,7.0,6.2
FIS FREESTYLE SKI WORLD CUP 2025,2025-01-31,VAL ST. COME (CAN),Women's Moguls,Results Final 1,WILSON Charlotte,2535796,AUS,5,72.11,16.28,41.0,14.83,1,bG,0.92,8.2,8.4,2,bp,0.81,8.9,8.9
FIS FREESTYLE SKI WORLD CUP 2025,2025-02-06,DEER VALLEY (USA),Women's Moguls,Results Final 1,WILSON Charlotte,2535796,AUS,13,29.66,10.01,11.4,8.25,1,bG,0.92,3.5,3.7,2,bp,0.81,6.0,6.2
FIS FREESTYLE SKI WORLD CUP 2025,2025-03-11,LIVIGNO (ITA),Women's Moguls,Results Final 1,WILSON Charlotte,2535796,AUS,8,73.32,16.11,44.2,13.01,1,bG,0.92,7.9,8.0,2,bp,0.81,7.2,6.9
"FIS Snowboard, Freestyle and Freeski World Championships 2025",2025-03-19,ST. MORITZ / ENGADIN (SUI),Women's Moguls,Results Final 1,WILSON Charlotte,2535796,AUS,5,74.06,16.85,44.8,12.41,1,bT,0.78,5.9,6.0,2,bG,0.92,8.3,8.6
FIS FREESTYLE SKI WORLD CUP 2026,2025-12-08,RUKA (FIN),Women's Moguls,Results Final 1,WILSON Charlotte,2535796,AUS,13,66.63,14.19,41.5,10.94,1,bT,0.78,6.3,6.2,2,bG,0.92,6.7,6.5
FIS FREESTYLE SKI WORLD CUP 2026,2026-01-16,WATERVILLE VALLEY RESORT (USA),Women's Moguls,Results Final 1,WILSON Charlotte,2535796,AUS,13,64.41,18.82,33.2,12.39,1,bG,0.92,8.2,8.1,2,bp,0.81,6.2,5.9
FIS FREESTYLE SKI WORLD CUP 2025,2025-01-24,WATERVILLE (USA),Women's Moguls,Results Final 2,WILSON Charlotte,2535796,AUS,5,73.88,17.59,43.3,12.99,1,bG,0.92,7.6,7.9,2,bp,0.81,7.0,7.5
FIS FREESTYLE SKI WORLD CUP 2025,2025-01-31,VAL ST. COME (CAN),Women's Moguls,Results Final 2,WILSON Charlotte,2535796,AUS,5,71.36,15.71,41.7,13.95,1,bG,0.92,7.5,7.8,2,bp,0.81,8.4,8.7
"FIS Snowboard, Freestyle and Freeski World Championships 2025",2025-03-19,ST. MORITZ / ENGADIN (SUI),Women's Moguls,Results Final 2,WILSON Charlotte,2535796,AUS,7,54.27,15.95,26.7,11.62,1,bT,0.78,5.6,5.6,2,bG,0.92,8.0,7.8
FIS FREESTYLE SKI WORLD CUP 2025,2024-11-30,RUKA (FIN),Women's Moguls,Results Qualification,WILSON Charlotte,2535796,AUS,20,55.66,13.58,29.9,12.18,1,bT,0.78,5.6,6.1,2,bG,0.92,8.3,8.3
FIS FREESTYLE SKI WORLD CUP 2025,2024-12-06,IDRE FJÄLL (SWE),Women's Moguls,Results Qualification,WILSON Charlotte,2535796,AUS,6,72.84,15.31,44.1,13.43,1,bG,0.92,7.3,7.4,2,bp,0.81,8.3,8.2
FIS FREESTYLE SKI WORLD CUP 2025,2025-01-24,WATERVILLE (USA),Women's Moguls,Results Qualification,WILSON Charlotte,2535796,AUS,6,71.51,15.55,43.2,12.76,1,bG,0.92,7.2,6.2,2,bp,0.81,8.0,8.3
FIS FREESTYLE SKI WORLD CUP 2025,2025-01-31,VAL ST. COME (CAN),Women's Moguls,Results Qualification,WILSON Charlotte,2535796,AUS,7,65.89,14.34,37.9,13.65,1,bG,0.92,8.5,8.5,2,bp,0.81,7.0,7.4
FIS FREESTYLE SKI WORLD CUP 2025,2025-02-06,DEER VALLEY (USA),Women's Moguls,Results Qualification,WILSON Charlotte,2535796,AUS,5,70.28,13.56,44.3,12.42,1,bG,0.92,6.7,6.5,2,bp,0.81,7.8,7.9
FIS FREESTYLE SKI WORLD CUP 2025,2025-03-11,LIVIGNO (ITA),Women's Moguls,Results Qualification,WILSON Charlotte,2535796,AUS,11,67.11,13.92,41.3,11.89,1,bG,0.92,8.0,8.0,2,bp,0.81,5.8,5.4
FIS FREESTYLE SKI WORLD CUP 2026,2025-12-07,RUKA (FIN),Women's Moguls,Results Qualification,WILSON Charlotte,2535796,AUS,15,62.71,15.24,36.0,11.47,1,bT,0.78,5.5,5.3,2,bG,0.92,8.0,7.8
FIS FREESTYLE SKI WORLD CUP 2026,2025-12-08,RUKA (FIN),Women's Moguls,Results Qualification,WILSON Charlotte,2535796,AUS,12,65.55,12.82,42.0,10.73,1,bT,0.78,5.3,4.9,2,bG,0.92,7.6,7.1
FIS FREESTYLE SKI WORLD CUP 2026,2026-01-09,VAL ST. COME (CAN),Women's Moguls,Results Qualification,WILSON Charlotte,2535796,AUS,17,65.16,14.63,39.4,11.13,1,bT,0.78,4.7,4.4,2,bG,0.92,8.2,8.3
FIS FREESTYLE SKI WORLD CUP 2026,2026-01-16,WATERVILLE VALLEY RESORT (USA),Women's Moguls,Results Qualification,WILSON Charlotte,2535796,AUS,10,70.92,16.33,42.7,11.89,1,bG,0.92,7.9,7.5,2,bp,0.81,6.3,5.6
FIS FREESTYLE SKI WORLD CUP 2023,2022-12-03,RUKA (FIN),Men's Moguls,Results Final 1,WOODS Cooper,2532161,AUS,10,76.48,15.08,48.7,12.7,1,bF,0.88,8.1,8.3,2,bp,0.71,7.8,7.7
FIS FREESTYLE SKI WORLD CUP 2023,2022-12-10,IDRE FJÄLL (SWE),Men's Moguls,Results Final 1,WOODS Cooper,2532161,AUS,7,76.55,15.59,47.2,13.76,1,bF,0.88,7.6,7.7,2,7op,0.88,7.8,8.2
FIS FREESTYLE SKI WORLD CUP 2023,2022-12-16,ALPE D'HUEZ (FRA),Men's Moguls,Results Final 1,WOODS Cooper,2532161,AUS,15,55.8,13.26,31.6,10.94,1,bF,0.88,7.4,7.4,2,bp,0.71,6.0,6.5
FIS FREESTYLE SKI WORLD CUP 2023,2023-01-27,VAL ST. COME (CAN),Men's Moguls,Results Final 1,WOODS Cooper,2532161,AUS,13,74.73,16.82,44.5,13.41,1,bF,0.88,8.3,8.3,2,7op,0.88,6.9,7.0
"FIS SNOWBOARD, FREESTYLE AND FREESKI WORLD CHAMPIONSHIPS 2023",2023-02-25,BAKURIANI (GEO),Men's Moguls,Results Final 1,WOODS Cooper,2532161,AUS,11,80.5,15.7,50.9,13.9,1,bF,0.88,8.0,8.4,2,7op,0.88,7.7,7.5
FIS FREESTYLE SKI WORLD CUP 2024,2023-12-02,RUKA (FIN),Men's Moguls,Results Final 1,WOODS Cooper,2532161,AUS,16,62.44,16.65,33.3,12.49,1,bdF,1.05,7.0,6.7,2,10op,1.05,5.1,5.0
FIS FREESTYLE SKI WORLD CUP 2024,2023-12-08,IDRE FJÄLL (SWE),Men's Moguls,Results Final 1,WOODS Cooper,2532161,AUS,9,75.85,16.25,46.4,13.2,1,bdF,1.05,6.6,6.5,2,7op,0.88,7.1,7.3
FIS FREESTYLE SKI WORLD CUP 2024,2023-12-15,ALPE D'HUEZ (FRA),Men's Moguls,Results Final 1,WOODS Cooper,2532161,AUS,3,77.19,17.19,44.8,15.2,1,bdF,1.05,7.8,7.8,2,7oG,1.01,7.0,6.9
FIS FREESTYLE SKI WORLD CUP 2024,2023-12-22,BAKURIANI (GEO),Men's Moguls,Results Final 1,WOODS Cooper,2532161,AUS,10,71.18,14.16,43.1,13.92,1,bdF,1.05,6.0,6.3,2,7oG,1.01,7.3,7.5
FIS FREESTYLE SKI WORLD CUP 2024,2024-01-26,WATERVILLE (USA),Men's Moguls,Results Final 1,WOODS Cooper,2532161,AUS,3,77.63,16.34,46.0,15.29,1,bdF,1.05,7.9,8.5,2,7op,0.88,7.8,7.4
FIS FREESTYLE SKI WORLD CUP 2025,2024-11-30,RUKA (FIN),Men's Moguls,Results Final 1,WOODS Cooper,2532161,AUS,13,73.18,14.28,45.4,13.5,1,bF,0.88,8.5,8.5,2,7op,0.88,7.3,6.4
FIS FREESTYLE SKI WORLD CUP 2025,2024-12-20,BAKURIANI (GEO),Men's Moguls,Results Final 1,WOODS Cooper,2532161,AUS,15,68.33,17.97,40.1,10.26,1,bF,0.88,7.5,7.6,2,bp,0.71,5.0,5.2
FIS FREESTYLE SKI WORLD CUP 2025,2025-01-24,WATERVILLE (USA),Men's Moguls,Results Final 1,WOODS Cooper,2532161,AUS,13,72.99,14.49,46.1,12.4,1,bF,0.88,6.9,8.0,2,7op,0.88,6.2,7.1
FIS FREESTYLE SKI WORLD CUP 2025,2025-01-31,VAL ST. COME (CAN),Men's Moguls,Results Final 1,WOODS Cooper,2532161,AUS,13,73.81,16.86,43.8,13.15,1,bdF,1.05,7.0,7.0,2,7op,0.88,6.5,6.7
FIS FREESTYLE SKI WORLD CUP 2025,2025-02-06,DEER VALLEY (USA),Men's Moguls,Results Final 1,WOODS Cooper,2532161,AUS,10,77.54,15.03,49.2,13.31,1,bdF,1.05,6.5,6.3,2,7op,0.88,7.4,7.6
FIS FREESTYLE SKI WORLD CUP 2025,2025-02-21,BEIDAHU (CHN),Men's Moguls,Results Final 1,WOODS Cooper,2532161,AUS,16,40.48,6.52,26.6,7.36,1,bdF,1.05,2.0,1.8,2,7op,0.88,6.0,6.2
"FIS Snowboard, Freestyle and Freeski World Championships 2025",2025-03-19,ST. MORITZ / ENGADIN (SUI),Men's Moguls,Results Final 1,WOODS Cooper,2532161,AUS,9,79.64,16.09,47.4,16.15,1,bF,0.88,9.0,8.9,2,7oG,1.01,7.9,8.5
FIS FREESTYLE SKI WORLD CUP 2026,2025-12-07,RUKA (FIN),Men's Moguls,Results Final 1,WOODS Cooper,2532161,AUS,9,75.19,17.41,42.9,14.88,1,bdF,1.05,8.0,7.7,2,7op,0.88,7.9,7.2
FIS FREESTYLE SKI WORLD CUP 2024,2024-01-26,WATERVILLE (USA),Men's Moguls,Results Final 2,WOODS Cooper,2532161,AUS,2,81.04,17.66,47.6,15.78,1,bdF,1.05,7.9,8.1,2,7op,0.88,8.7,8.1
FIS FREESTYLE SKI WORLD CUP 2023,2022-12-03,RUKA (FIN),Men's Moguls,Results Qualification,WOODS Cooper,2532161,AUS,15,73.83,12.59,47.3,13.94,1,bF,0.88,8.1,7.8,2,7op,0.88,7.9,7.9
FIS FREESTYLE SKI WORLD CUP 2023,2022-12-09,IDRE FJÄLL (SWE),Men's Moguls,Results Qualification,WOODS Cooper,2532161,AUS,13,72.88,14.81,43.6,14.47,1,bF,0.88,8.9,8.8,2,7op,0.88,7.3,7.9
FIS FREESTYLE SKI WORLD CUP 2023,2022-12-15,ALPE D'HUEZ (FRA),Men's Moguls,Results Qualification,WOODS Cooper,2532161,AUS,9,72.96,11.37,46.6,14.99,1,bF,0.88,8.8,9.3,2,7op,0.88,7.2,8.8
FIS FREESTYLE SKI WORLD CUP 2023,2023-01-27,VAL ST. COME (CAN),Men's Moguls,Results Qualification,WOODS Cooper,2532161,AUS,11,75.42,15.91,44.3,15.21,1,bF,0.88,8.7,8.8,2,7op,0.88,8.6,8.5
FIS FREESTYLE SKI WORLD CUP 2024,2023-12-02,RUKA (FIN),Men's Moguls,Results Qualification,WOODS Cooper,2532161,AUS,15,70.33,15.55,41.1,13.68,1,bF,0.88,7.4,8.0,2,7op,0.88,7.7,8.0
FIS FREESTYLE SKI WORLD CUP 2024,2023-12-08,IDRE FJÄLL (SWE),Men's Moguls,Results Qualification,WOODS Cooper,2532161,AUS,8,72.89,15.13,45.1,12.66,1,bF,0.88,8.1,8.5,2,7op,0.88,6.2,6.0
FIS FREESTYLE SKI WORLD CUP 2024,2023-12-14,ALPE D'HUEZ (FRA),Men's Moguls,Results Qualification,WOODS Cooper,2532161,AUS,6,74.22,17.03,43.3,13.89,1,bF,0.88,8.1,8.1,2,7op,0.88,7.8,7.6
FIS FREESTYLE SKI WORLD CUP 2024,2023-12-22,BAKURIANI (GEO),Men's Moguls,Results Qualification,WOODS Cooper,2532161,AUS,4,72.17,14.11,45.0,13.06,1,bF,0.88,8.5,8.2,2,7op,0.88,6.6,6.4
FIS FREESTYLE SKI WORLD CUP 2024,2024-01-19,VAL ST. COME (CAN),Men's Moguls,Results Qualification,WOODS Cooper,2532161,AUS,12,72.2,17.01,42.0,13.19,1,bF,0.88,8.1,8.2,2,7op,0.88,7.0,6.7
FIS FREESTYLE SKI WORLD CUP 2024,2024-01-26,WATERVILLE (USA),Men's Moguls,Results Qualification,WOODS Cooper,2532161,AUS,4,78.04,14.5,48.1,15.44,1,bF,0.88,9.0,9.7,2,7op,0.88,8.0,8.4
FIS FREESTYLE SKI WORLD CUP 2024,2024-02-01,DEER VALLEY (USA),Men's Moguls,Results Qualification,WOODS Cooper,2532161,AUS,3,77.5,16.8,47.2,13.5,1,bF,0.88,8.4,7.6,2,7op,0.88,7.3,7.4
FIS FREESTYLE SKI WORLD CUP 2025,2024-11-30,RUKA (FIN),Men's Moguls,Results Qualification,WOODS Cooper,2532161,AUS,9,72.66,14.22,44.9,13.54,1,bF,0.88,7.8,8.2,2,7op,0.88,7.6,7.2
FIS FREESTYLE SKI WORLD CUP 2025,2024-12-06,IDRE FJÄLL (SWE),Men's Moguls,Results Qualification,WOODS Cooper,2532161,AUS,30,67.77,14.51,42.0,11.26,1,bF,0.88,6.2,6.5,2,7op,0.88,6.5,6.4
FIS FREESTYLE SKI WORLD CUP 2025,2024-12-19,BAKURIANI (GEO),Men's Moguls,Results Qualification,WOODS Cooper,2532161,AUS,11,74.56,18.38,42.9,13.28,1,bF,0.88,8.1,8.6,2,7op,0.88,6.5,7.0
FIS FREESTYLE SKI WORLD CUP 2025,2025-01-24,WATERVILLE (USA),Men's Moguls,Results Qualification,WOODS Cooper,2532161,AUS,10,72.78,14.26,44.8,13.72,1,bF,0.88,7.4,8.4,2,7op,0.88,7.9,7.5
FIS FREESTYLE SKI WORLD CUP 2025,2025-01-31,VAL ST. COME (CAN),Men's Moguls,Results Qualification,WOODS Cooper,2532161,AUS,8,75.23,14.3,46.6,14.33,1,bF,0.88,8.3,8.7,2,7op,0.88,7.5,8.1
FIS FREESTYLE SKI WORLD CUP 2025,2025-02-06,DEER VALLEY (USA),Men's Moguls,Results Qualification,WOODS Cooper,2532161,AUS,10,73.66,14.52,46.0,13.14,1,bF,0.88,7.7,7.7,2,7op,0.88,7.2,7.3
FIS FREESTYLE SKI WORLD CUP 2025,2025-02-21,BEIDAHU (CHN),Men's Moguls,Results Qualification,WOODS Cooper,2532161,AUS,8,76.79,14.88,48.9,13.01,1,bF,0.88,8.1,7.8,2,7op,0.88,7.3,6.4
FIS FREESTYLE SKI WORLD CUP 2025,2025-02-28,ALMATY (KAZ),Men's Moguls,Results Qualification,WOODS Cooper,2532161,AUS,8,75.03,15.15,45.9,13.98,1,bF,0.88,8.3,8.4,2,7op,0.88,7.5,7.6
FIS FREESTYLE SKI WORLD CUP 2025,2025-03-11,LIVIGNO (ITA),Men's Moguls,Results Qualification,WOODS Cooper,2532161,AUS,26,65.25,14.37,43.5,7.38,1,bF,0.88,3.4,3.5,2,7op,0.88,5.1,4.8
"FIS Snowboard, Freestyle and Freeski World Championships 2025",2025-03-18,ST. MORITZ / ENGADIN (SUI),Men's Moguls,Results Qualification,WOODS Cooper,2532161,AUS,15,72.06,15.95,43.1,13.01,1,bF,0.88,9.0,9.1,2,7op,0.88,5.7,5.8
FIS FREESTYLE SKI WORLD CUP 2026,2025-12-07,RUKA (FIN),Men's Moguls,Results Qualification,WOODS Cooper,2532161,AUS,13,72.68,16.52,42.7,13.46,1,bF,0.88,8.5,7.9,2,7op,0.88,7.3,6.9
FIS FREESTYLE SKI WORLD CUP 2026,2026-01-09,VAL ST. COME (CAN),Men's Moguls,Results Qualification,WOODS Cooper,2532161,AUS,21,72.93,15.46,46.7,10.77,1,bF,0.88,6.8,6.6,2,7op,0.88,5.6,5.5
FIS FREESTYLE SKI WORLD CUP 2026,2026-01-16,WATERVILLE VALLEY RESORT (USA),Men's Moguls,Results Qualification,WOODS Cooper,2532161,AUS,22,72.07,14.74,44.5,12.83,1,bF,0.88,8.1,7.8,2,7op,0.88,6.2,7.1
"FIS SNOWBOARD, FREESTYLE AND FREESKI WORLD CHAMPIONSHIPS 2023",2023-02-25,BAKURIANI (GEO),Men's Moguls,Results Qualification 1,WOODS Cooper,2532161,AUS,10,78.73,15.85,49.3,13.58,1,bF,0.88,8.2,8.3,2,7op,0.88,7.3,7.1
"FIS SNOWBOARD, FREESTYLE AND FREESKI WORLD CHAMPIONSHIPS 2023",2023-02-25,BAKURIANI (GEO),Men's Moguls,Results Qualification 2,WOODS Cooper,2532161,AUS,8,70.82,16.8,42.5,11.52,1,bF,0.88,6.9,7.1,2,7op,0.88,6.2,6.0
