event.discipline,athlete.fis_code,athlete.name,athlete.nsa_code,final_appearances,wins,podiums
Women's Moguls,2530720,ANTHONY Jakara,AUS,15,13,15
Men's Moguls,2484937,KINGSBURY Mikael,CAN,21,11,21
Men's Moguls,2529645,HORISHIMA Ikuma,JPN,23,10,17
Women's Moguls,2531156,LAFFONT Perrine,FRA,17,5,15
Women's Moguls,2529064,KAUF Jaelin,USA,22,3,15
Women's Moguls,2534251,HOGG Kasey,USA,7,3,3
Women's Moguls,2532241,GIACCIO Olivia,USA,15,2,12
Men's Moguls,2441426,GRAHAM Matt,AUS,11,2,6
Men's Moguls,2537180,MICKEL Charlie,USA,8,2,4
Men's Moguls,2534089,MARCELLINI Dylan,USA,4,2,2
Men's Moguls,2532001,WALLBERG Walter,SWE,14,1,8
Men's Moguls,2535304,BEAULIEU Charles,CAN,7,1,5
Men's Moguls,2533462,PAGE Nick,USA,16,1,5
Men's Moguls,2530514,CAVET Benjamin,FRA,11,1,4
Women's Moguls,2533204,SCHWINGHAMMER,CAN,12,1,4
Women's Moguls,2532270,JOHNSON Tess,USA,10,1,3
Women's Moguls,2534852,KAWAMURA Anri,JPN,3,1,3
Women's Moguls,2533613,LINTON Jessica,CAN,3,1,3
Men's Moguls,2535306,DAWSON Quinn,CAN,2,1,1
Women's Moguls,2534866,KARIOTIS Kylie,USA,4,1,1
Men's Moguls,2539395,KOEHLER Bradley,CAN,3,1,1
Women's Moguls,2538248,LAROCHE Florence,CAN,2,1,1
Men's Moguls,2534858,GRAVENFORS Filip,SWE,10,0,6
Women's Moguls,2534235,MIKKELSEN Maya,CAN,6,0,4
Women's Moguls,2534528,KOEHLER Ashley,CAN,4,0,3
Women's Moguls,2537762,LEMLEY Elizabeth,USA,7,0,3
Women's Moguls,2532031,TOMITAKA Hinako,JPN,9,0,3
Men's Moguls,2534451,GOODISON Samuel,CAN,3,0,2
Men's Moguls,2528846,KOLMAKOV Pavel,KAZ,4,0,2
Women's Moguls,2531373,SOAR Hannah,USA,7,0,2
Men's Moguls,2532513,VAILLANCOURT Elliot,CAN,3,0,2
Women's Moguls,2532040,YANAGIMOTO Rino,JPN,8,0,2
Women's Moguls,2537580,AYAD Anabel,USA,2,0,1
Men's Moguls,2538309,BOUGIE Jean-,CAN,1,0,1
Men's Moguls,2537322,CAREY Cole,CAN,2,0,1
Women's Moguls,2529074,CARROLL Avital,AUT,3,0,1
Men's Moguls,2532530,CORDELL Sam,CAN,2,0,1
Men's Moguls,2535639,DROUIN Xavier,CAN,1,0,1
Men's Moguls,2531908,HIRAYAMA Shota,JPN,2,0,1
Men's Moguls,2538994,HUFF Porter,USA,4,0,1
Men's Moguls,2534856,JUNG Daeyoon,KOR,4,0,1
Men's Moguls,2537833,MICHEL Asher,USA,4,0,1
Men's Moguls,2534511,McDONALD Cole,USA,4,0,1
Men's Moguls,2528035,PENTTALA Olli,FIN,3,0,1
Men's Moguls,2530702,PORTELLO Ryan,CAN,1,0,1
Women's Moguls,2531871,SHAFFER Lulu,USA,1,0,1
Women's Moguls,2535377,SLETTENE Skylar,USA,1,0,1
Men's Moguls,2534074,VIEL Julien,CAN,7,0,1
Men's Moguls,2533386,VIERELA Severi,FIN,3,0,1
Men's Moguls,2534140,WENDLER Landon,USA,3,0,1
Men's Moguls,2532161,WOODS Cooper,AUS,1,0,1
Men's Moguls,2533687,AHVENAINEN Akseli,FIN,0,0,0
Men's Moguls,2537920,ALVA Isaac,USA,0,0,0
Women's Moguls,2532085,AMRENOVA Ayaulym,KAZ,0,0,0
Men's Moguls,2535067,ANDREEV Nikita,AIN,0,0,0
Men's Moguls,2540766,AOKI Kai,JPN,0,0,0
Women's Moguls,2534377,ASANO Shiori,JPN,0,0,0
Women's Moguls,2538696,AUGER-HAMELIN,CAN,0,0,0
Women's Moguls,2537846,BABCOCK Tillie,USA,0,0,0
Men's Moguls,2533573,BAEK Hyun-Min,KOR,0,0,0
Men's Moguls,2539086,BARTZIOKAS Justin,CAN,0,0,0
Men's Moguls,2538310,BAVARO Gaetano,USA,0,0,0
Women's Moguls,2538819,BEAULIEU Maelle,CAN,0,0,0
Men's Moguls,2533390,BEAUREGARD Ian,USA,0,0,0
Men's Moguls,2530808,BELLUCCI Massimo,ITA,0,0,0
Men's Moguls,2534863,BERG Gordon,SWE,0,0,0
Women's Moguls,2532759,BERGHUIS Janneke,NED,0,0,0
Women's Moguls,2535376,BERGHUIS Laura,NED,0,0,0
Men's Moguls,2533563,BERTRAND Felix,CAN,0,0,0
Women's Moguls,2538642,BERTRAND Lise,FRA,0,0,0
Women's Moguls,2534372,BIERENS Pien,NED,0,0,0
Men's Moguls,2538057,BILLEISEN Peyton,USA,0,0,0
Men's Moguls,2539667,BLANCHARD Elwan,CAN,0,0,0
Men's Moguls,2536762,BOBYN George,CAN,0,0,0
Men's Moguls,2532859,BONDAREV Anton,KAZ,0,0,0
Men's Moguls,2537882,BOONE Stephen,USA,1,0,0
Women's Moguls,2537766,BOOTH Mckenna,USA,0,0,0
Women's Moguls,2532927,BOSCO Emma,AUS,1,0,0
Men's Moguls,2535636,BOUCHER Frederic,CAN,0,0,0
Men's Moguls,2538855,BOUGIE Louis-,CAN,0,0,0
Men's Moguls,2532799,BOURDETTE Marius,FRA,0,0,0
Women's Moguls,2539124,BOYCHUK Citrine,CAN,0,0,0
Women's Moguls,2537639,BOYCHUK Jada,CAN,0,0,0
Women's Moguls,2539249,BOYLE Claire,USA,0,0,0
Men's Moguls,2538441,BOYLE Wyatt,USA,0,0,0
Women's Moguls,2531523,BROWN Berkley,CAN,0,0,0
Women's Moguls,2537763,BUCKMASTER Alicia,USA,0,0,0
Men's Moguls,2535809,BUGAKOV Fyodor,KAZ,0,0,0
Men's Moguls,2538225,BURNYEAT Brian,CAN,0,0,0
Men's Moguls,2533002,BUZZI Enea,SUI,0,0,0
Women's Moguls,2530274,CABROL Camille,FRA,1,0,0
Women's Moguls,2537262,CAO Tianqing,CHN,0,0,0
Women's Moguls,2538479,CARR Cali,GBR,0,0,0
Men's Moguls,2533776,CAYOLLE Tristan,FRA,0,0,0
Men's Moguls,2534234,CHALIFOUX Louis-,CAN,1,0,0
Women's Moguls,2535616,CHAPDELAINE Reese,USA,2,0,0
Men's Moguls,2527600,CHUNLAUD Kerrian,CAN,0,0,0
Women's Moguls,2537409,CIAGLO Megan,USA,0,0,0
Men's Moguls,2537640,CLARK Mason,USA,0,0,0
Women's Moguls,2538200,CLEGG Sina,CAN,1,0,0
Men's Moguls,2538079,COHEN Jiah,USA,1,0,0
Men's Moguls,2532502,CONEDERA Martino,SUI,0,0,0
Women's Moguls,2538298,COOPER Annika,CAN,0,0,0
Men's Moguls,2539013,COOPER Owen,CAN,0,0,0
Women's Moguls,2539505,COORS Julia,USA,0,0,0
Women's Moguls,2538150,COOTE Xanthia,AUS,1,0,0
Men's Moguls,2539513,COVELL Jackson,USA,0,0,0
Men's Moguls,2534116,CROCKETT Jackson,USA,1,0,0
Men's Moguls,2537583,CROSBIE Daniel,USA,0,0,0
Men's Moguls,2533249,CROZET James,FRA,0,0,0
Men's Moguls,2538029,CROZET Leo,FRA,0,0,0
Men's Moguls,2539974,CUPP Jackson,USA,0,0,0
Men's Moguls,2537875,DAMORE Trae,USA,0,0,0
Women's Moguls,2534386,DAVIS August,USA,0,0,0
Men's Moguls,2537715,DAY Sawyer,CAN,0,0,0
Women's Moguls,2533547,DEGROOTE Fantine,FRA,0,0,0
Women's Moguls,2531811,DESMARAIS-GILBERT,CAN,1,0,0
Women's Moguls,2539675,DICKEY Kenadie,USA,0,0,0
Men's Moguls,2540078,DODD Milo,GBR,0,0,0
Women's Moguls,2535435,DOOLEY Claire,IRL,0,0,0
Men's Moguls,2537599,DOOLEY Thomas,IRL,0,0,0
Women's Moguls,2538890,DREITLEIN Katie,USA,0,0,0
Women's Moguls,2537443,DUAUX Marie,FRA,0,0,0
Men's Moguls,2535858,DUBUC Joey,CAN,3,0,0
Women's Moguls,2537528,DUDA Jessica,USA,0,0,0
Men's Moguls,2539666,DUFOUR Alexis,CAN,0,0,0
Men's Moguls,2530240,DUFRESNE Gabriel,CAN,0,0,0
Women's Moguls,2535605,DWINELL Zoe,USA,0,0,0
Women's Moguls,2537081,ECKLE Laura,GER,0,0,0
Men's Moguls,2538063,EGAN Jack,USA,0,0,0
Women's Moguls,2538314,ELLIOT Chelsea,CAN,0,0,0
Men's Moguls,2535562,FABIANI Mathis,FRA,0,0,0
Women's Moguls,2539209,FEKLISTOVA Yuliya,KAZ,0,0,0
Men's Moguls,2531950,FENELEY William,GBR,0,0,0
Men's Moguls,2539356,FERREIRA Munayo,USA,0,0,0
Men's Moguls,2528117,FJALLSTROM Ludvig,SWE,1,0,0
Women's Moguls,2539684,FOREST Raphaelle,CAN,0,0,0
Men's Moguls,2537258,FU Junyi,CHN,0,0,0
Men's Moguls,2538852,FUGERE Simon,CAN,1,0,0
Men's Moguls,2529670,FUJIKI Goshin,JPN,0,0,0
Women's Moguls,2533039,FUJIKI Hina,JPN,1,0,0
Men's Moguls,2538302,FUJIMURA Ikkei,JPN,0,0,0
Men's Moguls,2535392,GAJDECKA Marek,CZE,0,0,0
Women's Moguls,2484307,GALYSHEVA Yuliya,KAZ,2,0,0
Men's Moguls,2538751,GAY Paul Andrea,FRA,0,0,0
Men's Moguls,2538060,GENDRON Nate,USA,0,0,0
Women's Moguls,2530540,GERKEN SCHOFIELD,GBR,2,0,0
Men's Moguls,2530541,GERKEN SCHOFIELD,GBR,0,0,0
Women's Moguls,2530539,GERKEN SCHOFIELD,GBR,0,0,0
Men's Moguls,2535656,GILBERT Benoit,CAN,0,0,0
Women's Moguls,2535638,GODBOUT Rowanne,CAN,0,0,0
Women's Moguls,2535385,GORODKO,KAZ,1,0,0
Women's Moguls,2537746,GROGEAN Sydney,USA,0,0,0
Men's Moguls,2537768,GRYSPEERDT,CAN,0,0,0
Women's Moguls,2533011,GUAN Ziyan,CHN,0,0,0
Women's Moguls,2535767,GUSTAFSON Moa,SWE,0,0,0
Men's Moguls,2537618,HANSSON MATHISEN,SWE,0,0,0
Women's Moguls,2537261,HAO Liyun,CHN,0,0,0
Women's Moguls,2535757,HARRIS Evelyn,USA,0,0,0
Men's Moguls,2534735,HARVEY Jackson,AUS,1,0,0
Men's Moguls,2537720,HILL Edward,AUS,0,0,0
Men's Moguls,2532811,HOLMGREN Albin,SWE,2,0,0
Men's Moguls,2534210,HOLMGREN Emil,SWE,2,0,0
Women's Moguls,2538199,HOLUB Mikayla,CAN,0,0,0
Men's Moguls,2540086,HOMANS Jack,USA,0,0,0
Men's Moguls,2538442,HOWEY Matthew,USA,0,0,0
Women's Moguls,2537260,HU Qiaonan,CHN,0,0,0
Men's Moguls,2538811,HUGHES Riley,USA,0,0,0
Men's Moguls,2539211,IBRAGIMOV Ilnar,KAZ,0,0,0
Women's Moguls,2531368,IHARA Haruka,JPN,0,0,0
Women's Moguls,2534824,ITO Marin,JPN,0,0,0
Women's Moguls,2527797,IVANOVA Svetlana,AIN,0,0,0
Men's Moguls,2535572,JEANNESSON Mateo,GBR,1,0,0
Men's Moguls,2537675,JOHNSON Gabriel,USA,0,0,0
Women's Moguls,2539742,JOHNSON Victoria,USA,0,0,0
Women's Moguls,2538028,JOLY Lily,FRA,0,0,0
Men's Moguls,2534056,KAISLA Aleksi,FIN,0,0,0
Women's Moguls,2537041,KAJIWARA Hisako,JPN,0,0,0
Women's Moguls,2533769,KAJIWARA Yuki,JPN,0,0,0
Women's Moguls,2539969,KALMAKOFF Talance,CAN,0,0,0
Men's Moguls,2532177,KANNO Shugo,JPN,0,0,0
Men's Moguls,2534001,KARJALAINEN,FIN,0,0,0
Men's Moguls,2533771,KAWAOKA Shima,JPN,0,0,0
Women's Moguls,2540200,KEEFE Ruby,USA,0,0,0
Women's Moguls,2540774,KEENAN Ava,USA,1,0,0
Men's Moguls,2527955,KELLY Brenden,CAN,0,0,0
Men's Moguls,2537936,KIM Jinsuck,KOR,0,0,0
Women's Moguls,2538191,KISIL Yuliana,UKR,0,0,0
Women's Moguls,2539893,KNIGHT Murphy Jane,USA,0,0,0
Men's Moguls,2538433,KOSINSKI Oliver,USA,0,0,0
Men's Moguls,2537792,KROUPA Matyas,CZE,0,0,0
Women's Moguls,2538897,KRUGER Eden,USA,0,0,0
Men's Moguls,2538096,KUST Jameson,USA,0,0,0
Women's Moguls,2539213,KUZNETSOVA,KAZ,0,0,0
Women's Moguls,2538763,LAMONTAGNE Flavie,CAN,0,0,0
Women's Moguls,2539212,LARIONOVA,KAZ,0,0,0
Men's Moguls,2538782,LATULIPPE Charles,CAN,0,0,0
Men's Moguls,2531687,LAVOIE Alexandre,CAN,0,0,0
Men's Moguls,2537625,LEE Yoon Seung,KOR,0,0,0
Women's Moguls,2539946,LEEDS Kate,CAN,0,0,0
Men's Moguls,2538858,LEFEBVRE Emeric,CAN,0,0,0
Women's Moguls,2538300,LEMNAH Reese,USA,0,0,0
Men's Moguls,2539248,LEWIS Camden,USA,0,0,0
Women's Moguls,2535574,LEWIS Taylor,USA,0,0,0
Men's Moguls,2537254,LI Musai,CHN,0,0,0
Women's Moguls,2537198,LI Ruilin,CHN,0,0,0
Men's Moguls,2538054,LITTLEFIELD Chase,USA,0,0,0
Men's Moguls,2535793,LIVISSIANOS Mac,AUS,0,0,0
Women's Moguls,2538154,LODGE Lottie,AUS,1,0,0
Women's Moguls,2539353,LOEWEN Aria,CAN,0,0,0
Men's Moguls,2534330,LOGAN Oliver,AUS,1,0,0
Men's Moguls,2540052,LONG Hao,CHN,0,0,0
Men's Moguls,2538236,LUCA Alexander,CAN,0,0,0
Men's Moguls,2534751,LUCAS Nash,USA,0,0,0
Women's Moguls,2534864,LUNDHOLM Elis,SWE,0,0,0
Women's Moguls,2533012,MA Zhuoni,CHN,0,0,0
Women's Moguls,2534186,MACUGA Alli,USA,3,0,0
Men's Moguls,2534293,MAGA Joshua,CAN,0,0,0
Women's Moguls,2535457,MALHERBE Malica,RSA,0,0,0
Women's Moguls,2539591,MANGANELLO,USA,0,0,0
Women's Moguls,2539756,MANNS Talia,AUS,0,0,0
Men's Moguls,2533394,MARLEY Garrett,USA,0,0,0
Men's Moguls,2537718,MASON Shawn,CAN,0,0,0
Women's Moguls,2539352,MATSUDA Lia,CAN,0,0,0
Men's Moguls,2531671,MATSUDA So,JPN,0,0,0
Women's Moguls,2538814,MAURAIS Olivia,USA,1,0,0
Women's Moguls,2535327,MERZ Annika,GER,0,0,0
Men's Moguls,2533504,MERZ Linus,GER,0,0,0
Women's Moguls,2537578,MICHAUD Dory,USA,0,0,0
Women's Moguls,2537759,MICHL Katharina,GER,0,0,0
Men's Moguls,2537221,MICKEL Freddie,USA,0,0,0
Men's Moguls,2537616,MOBERG Elis,SWE,0,0,0
Women's Moguls,2538812,MONT Isabel,USA,0,0,0
Men's Moguls,2534167,MOTONO Hibiki,JPN,0,0,0
Men's Moguls,2532044,MOUILLE Thibaud,FRA,2,0,0
Men's Moguls,2530684,MURATA Yutaro,JPN,0,0,0
Men's Moguls,2534254,MURPHY George,AUS,0,0,0
Men's Moguls,2535235,MYSKO Alex,CAN,0,0,0
Women's Moguls,2538430,McLARNON Abby,USA,1,0,0
Men's Moguls,2539302,McMANUS Darren,CAN,0,0,0
Men's Moguls,2539132,NAKAHARA Osuke,JPN,0,0,0
Women's Moguls,2533488,NAKAO Haruka,JPN,1,0,0
Men's Moguls,2534859,NILSSON Knut,SWE,0,0,0
Women's Moguls,2540042,NILSSON Nova,SWE,0,0,0
Men's Moguls,2531352,NISHIZAWA Taketo,JPN,0,0,0
Men's Moguls,2532059,NOVITSKII Nikita,AIN,0,0,0
Men's Moguls,2540541,OLEKSIUK Rostyslav,UKR,0,0,0
Men's Moguls,2534212,OLGAARD Robin,SWE,0,0,0
Men's Moguls,2539200,ORGELDINGER Jon,USA,0,0,0
Women's Moguls,2534962,OWENS Kai,USA,2,0,0
Men's Moguls,2539246,PANELLI Hunter,USA,0,0,0
Women's Moguls,2538797,PAPKE Makayla,USA,0,0,0
Men's Moguls,2534246,PARADIS Louis,CAN,0,0,0
Men's Moguls,2539000,PARSONS Graden,CAN,0,0,0
Men's Moguls,2534403,PASCARELLA Paolo,SUI,0,0,0
Women's Moguls,2537886,PASSARETTA Manuela,ITA,0,0,0
Women's Moguls,2538892,PEDERSON Emily,USA,0,0,0
Women's Moguls,2535795,PERNICE Lucy,AUS,0,0,0
Women's Moguls,2538575,PERSSON Lenna,USA,0,0,0
Men's Moguls,2535642,PETRONE Jack,USA,0,0,0
Women's Moguls,2538815,POWELL Isabel,USA,0,0,0
Women's Moguls,2530097,RAMSAUER Katharina,AUT,0,0,0
Men's Moguls,2537488,RASTRUBA Denis,KAZ,0,0,0
Women's Moguls,2539394,RIDGEWAY Quinn,CAN,0,0,0
Men's Moguls,2538584,ROBERTS Charlie,CAN,0,0,0
Men's Moguls,2538073,RODMAN Slader,USA,0,0,0
Women's Moguls,2538941,ROGAN Breyer,USA,0,0,0
Men's Moguls,2532862,ROMANOV Sergey,KAZ,0,0,0
Men's Moguls,2539451,RONKAINEN Matias,FIN,0,0,0
Men's Moguls,2535799,ROWLEY Tristan,AUS,0,0,0
Women's Moguls,2538791,ROY Anne-Laure,CAN,0,0,0
Men's Moguls,2535640,ROY Jeremie,CAN,0,0,0
Men's Moguls,2537324,RUSSAKOV Semyon,KAZ,0,0,0
Women's Moguls,2537750,RUSSELL Kaya,USA,0,0,0
Men's Moguls,2534213,RUTGERSSON Marcus,SWE,0,0,0
Men's Moguls,2528237,SALONEN Jimi,FIN,0,0,0
Women's Moguls,2534483,SAMANKOVA Dorota,CZE,0,0,0
Women's Moguls,2539495,SATKIEWICZ Mia,USA,0,0,0
Men's Moguls,2538702,SAUVAGEAU Jeremy,CAN,0,0,0
Men's Moguls,2538593,SAUVE Mavrick,CAN,0,0,0
Women's Moguls,2537948,SCHEID Nora,USA,0,0,0
Women's Moguls,2537782,SEVERE Rianna,USA,0,0,0
Men's Moguls,2530672,SHIMAKAWA Takuya,JPN,0,0,0
Men's Moguls,2538939,SIEFKEN Liam,USA,0,0,0
Men's Moguls,2540071,SMITH Jack,USA,0,0,0
Men's Moguls,2539300,SMITH Michael,CAN,0,0,0
Women's Moguls,2535889,SPEIRS Indiana,AUS,0,0,0
Men's Moguls,2531923,STEGFELDT Rasmus,SWE,4,0,0
Women's Moguls,2537789,STENKULA Nicolina,SWE,0,0,0
Women's Moguls,2537949,STEVENSON Maddie,USA,0,0,0
Men's Moguls,2528069,SUGIMOTO Kosuke,JPN,2,0,0
Men's Moguls,2528624,SUIRE Martin,FRA,0,0,0
Men's Moguls,2527554,TADE Marco,SUI,0,0,0
Women's Moguls,2537043,TAGUCHI Yuma,JPN,0,0,0
Men's Moguls,2535542,TAM Ryan,USA,0,0,0
Women's Moguls,2539131,TANI Mio,JPN,0,0,0
Men's Moguls,2531692,TANNER Daniel,CAN,0,0,0
Men's Moguls,2537574,TATAR-BROWN,USA,0,0,0
Men's Moguls,2540030,THRUSH Ben,USA,0,0,0
Women's Moguls,2539655,TIMPONE Sofia Carla,ITA,0,0,0
Men's Moguls,2535388,TOBEY Gavin,USA,0,0,0
Women's Moguls,2539971,TORRES Mahlia,USA,0,0,0
Men's Moguls,2537563,TRUE Jackson,USA,0,0,0
Men's Moguls,2532088,TSINN Oleg,KAZ,0,0,0
Men's Moguls,2539678,TURGEON Alexy,CAN,0,0,0
Women's Moguls,2538315,UNG Danielle,CAN,0,0,0
Men's Moguls,2538999,UNGER Quinn,CAN,0,0,0
Men's Moguls,2537082,VERDAGUER FORN,ESP,0,0,0
Men's Moguls,2539588,VERDAGUER FORN,ESP,0,0,0
Men's Moguls,2535379,VERDAGUER Lucas,ESP,0,0,0
Women's Moguls,2533937,VOUTILAINEN Riikka,FIN,0,0,0
Men's Moguls,2531880,VOUTILAINEN Riku,FIN,0,0,0
Men's Moguls,2534862,WAERME Karl,SWE,0,0,0
Women's Moguls,2537719,WAKIM Kareema,AUS,0,0,0
Men's Moguls,2527085,WALCZYK Dylan,USA,1,0,0
Men's Moguls,2537252,WANG Renda,CHN,0,0,0
Women's Moguls,2540053,WANG Sibo,CHN,0,0,0
Men's Moguls,2539362,WARGNIEZ Alexandre,FRA,0,0,0
Women's Moguls,2532819,WEESE Hanna,GER,0,0,0
Men's Moguls,2535693,WEESE Nicolas,GER,0,0,0
Women's Moguls,2532509,WEESE Sophie,GER,0,0,0
Women's Moguls,2535796,WILSON Charlotte,AUS,3,0,0
Women's Moguls,2540821,YANG Dandan,CHN,0,0,0
Women's Moguls,2537259,YANG Ya,CHN,0,0,0
Men's Moguls,2535387,YEMELYANOV Maxim,KAZ,0,0,0
Women's Moguls,2537929,YUN Shin-Ee,KOR,0,0,0
Men's Moguls,2535561,de VILLAUCOURT,FRA,0,0,0
